id,consent_id,factory_id,parameter,minimum_limit,maximum_limit,unit,condition_text,page_number,table_number,extraction_confidence,created_at,proxy_source_factory_id
106,13,site_1310,Trade effluent,,0.0,mg/l,0.0,1,2,0.95,2026-07-05 22:58:53.254931+05:30,
107,13,site_1310,Suspended Solids,,50.0,mg/l,50,4,1,0.95,2026-07-05 22:58:53.254931+05:30,
108,13,site_1310,BOD 3 days 27oC,,30.0,mg/l,30,4,1,0.95,2026-07-05 22:58:53.254931+05:30,
109,13,site_1310,COD,,100.0,mg/l,100,4,1,0.95,2026-07-05 22:58:53.254931+05:30,
110,13,site_1310,TPM,,3.0,mg/l,H.S.D 5.0 -- NA--,5,1,0.95,2026-07-05 22:58:53.254931+05:30,
111,13,site_1310,Total Particulate Matter,,150.0,mg/Nm3,150 mg/ Nm3,5,2,0.95,2026-07-05 22:58:53.254931+05:30,
998,85,site_1561,Trade effluent,,100.0,mg/l,Recycle 100% to achieve ZLD,2,1,0.95,2026-07-12 09:38:41.841124+05:30,
999,85,site_1561,Suspended Solids,,100.0,mg/l,100,4,1,0.95,2026-07-12 09:38:41.841124+05:30,
1000,85,site_1561,BOD 3 days 27oC,,30.0,mg/l,30,4,1,0.95,2026-07-12 09:38:41.841124+05:30,
1001,85,site_1561,TPM,,150.0,mg/Nm3,150 Mg/Nm3,6,1,0.95,2026-07-12 09:38:41.841124+05:30,
1002,85,site_1561,SO2,,72.0,mg/Nm3,72 Kg/Day,6,1,0.95,2026-07-12 09:38:41.841124+05:30,
1003,85,site_1561,TPM,,150.0,mg/Nm3,150 Mg/Nm3,6,1,0.95,2026-07-12 09:38:41.841124+05:30,
1004,85,site_1561,TPM,,150.0,mg/Nm3,150 Mg/Nm3,6,1,0.95,2026-07-12 09:38:41.841124+05:30,
1005,85,site_1561,SO2,,22.0,mg/Nm3,22 Kg/Day,6,1,0.95,2026-07-12 09:38:41.841124+05:30,
1006,85,site_1561,TPM,,150.0,mg/Nm3,150 Mg/Nm3,6,1,0.95,2026-07-12 09:38:41.841124+05:30,
1007,85,site_1561,SO2,,39.6,mg/Nm3,39.6 Kg/Day,6,1,0.95,2026-07-12 09:38:41.841124+05:30,
122,16,site_1257,"Storage, Repacking & sale of Ammonium Chloride",,8400.0,mg/l,8400,2,1,0.95,2026-07-06 10:36:21.958528+05:30,
123,16,site_1257,Trade effluent,,0.0,mg/l,0,2,2,0.95,2026-07-06 10:36:21.958528+05:30,
124,18,site_1257,Trade effluent,,100.0,mg/l,Recycle 100% to achieve ZLD,3,2,0.95,2026-07-06 10:51:25.201233+05:30,
125,18,site_1257,TPM,,50.0,mg/Nm3,50 Mg/Nm3,8,1,0.95,2026-07-06 10:51:25.201233+05:30,
126,18,site_1257,SO2,,28.8,mg/Nm3,28.8 Kg/Day,8,1,0.95,2026-07-06 10:51:25.201233+05:30,
127,19,site_887,Trade effluent,,0.0,mg/l,0.0,1,2,0.95,2026-07-06 10:51:27.093344+05:30,
128,19,site_887,Suspended Solids,,50.0,mg/l,50,4,1,0.95,2026-07-06 10:51:27.093344+05:30,
129,19,site_887,BOD 3 days 27oC,,30.0,mg/l,30,4,1,0.95,2026-07-06 10:51:27.093344+05:30,
130,19,site_887,COD,,100.0,mg/l,100,4,1,0.95,2026-07-06 10:51:27.093344+05:30,
131,19,site_887,Total Particulate Matter,,100.0,mg/Nm3,100 mg/ Nm3,5,2,0.95,2026-07-06 10:51:27.093344+05:30,
132,20,site_1247,Trade effluent,,100.0,mg/l,Recycle 100% to achieve ZLD,2,1,0.95,2026-07-06 10:52:44.820819+05:30,
133,20,site_1247,Suspended Solids,,50.0,mg/l,50,4,1,0.95,2026-07-06 10:52:44.820819+05:30,
134,20,site_1247,BOD 3 days 27oC,,30.0,mg/l,30,4,1,0.95,2026-07-06 10:52:44.820819+05:30,
135,20,site_1247,COD,,100.0,mg/l,100,4,1,0.95,2026-07-06 10:52:44.820819+05:30,
136,21,site_1799,Trade effluent,,50.0,mg/l,50% recycle & remaining discharge to CETP,2,2,0.95,2026-07-06 10:54:22.117211+05:30,
137,21,site_1799,35.4 Oil and grease skimming,,36.0,mg/l,36.0,3,1,0.95,2026-07-06 10:54:22.117211+05:30,
138,21,site_1799,pH,5.5,8.5,pH,5.5 to 8.5,5,1,0.95,2026-07-06 10:54:22.117211+05:30,
139,21,site_1799,Oil & Grease,,10.0,mg/l,10 mg/l,5,1,0.95,2026-07-06 10:54:22.117211+05:30,
140,21,site_1799,BOD (3 days 27oC ),,30.0,mg/l,30 mg/l,5,1,0.95,2026-07-06 10:54:22.117211+05:30,
141,21,site_1799,Total Suspended solids,,100.0,mg/l,100 mg/l,5,1,0.95,2026-07-06 10:54:22.117211+05:30,
142,21,site_1799,Phosphate,,5.0,mg/l,5.0 mg/l,5,1,0.95,2026-07-06 10:54:22.117211+05:30,
143,21,site_1799,BOD (3 days 27oC ),,30.0,mg/l,30 mg/l,5,2,0.95,2026-07-06 10:54:22.117211+05:30,
144,21,site_1799,Total Suspended solids,,100.0,mg/l,100 mg/l,5,2,0.95,2026-07-06 10:54:22.117211+05:30,
145,21,site_1799,TPM,,50.0,mg/Nm3,50 Mg/Nm3,7,1,0.95,2026-07-06 10:54:22.117211+05:30,
146,21,site_1799,SO2,,15.3,mg/Nm3,15.3 Kg/Day,7,1,0.95,2026-07-06 10:54:22.117211+05:30,
147,22,site_1376,Trade effluent,,0.0,mg/l,0.0,1,2,0.95,2026-07-06 10:54:25.177231+05:30,
148,22,site_1376,Suspended Solids,,50.0,mg/l,50,4,1,0.95,2026-07-06 10:54:25.177231+05:30,
149,22,site_1376,BOD 3 days 27oC,,30.0,mg/l,30,4,1,0.95,2026-07-06 10:54:25.177231+05:30,
150,22,site_1376,TPM,,150.0,mg/Nm3,150 Mg/Nm3,5,1,0.95,2026-07-06 10:54:25.177231+05:30,
151,22,site_1376,SO2,,10.0,mg/Nm3,10 Kg/Day,5,1,0.95,2026-07-06 10:54:25.177231+05:30,
152,23,site_982,Trade effluent,,780.0,mg/l,Monsoon period = 780 CMD- recycled & remaining 469 CMD- discharged into Amba River Estuary and Non-monsoon = 686 CMD - recycled & remaining-563 CMD used on land for gardening,2,1,0.95,2026-07-06 10:54:30.245352+05:30,
153,23,site_982,pH,6.0,8.5,pH,6.0 -8.5,6,1,0.95,2026-07-06 10:54:30.245352+05:30,
154,23,site_982,BOD (3 days 27°C),,30.0,mg/l,30,6,1,0.95,2026-07-06 10:54:30.245352+05:30,
155,23,site_982,COD,,250.0,mg/l,250,6,1,0.95,2026-07-06 10:54:30.245352+05:30,
156,23,site_982,TSS,,100.0,mg/l,100,6,1,0.95,2026-07-06 10:54:30.245352+05:30,
157,23,site_982,Oil & Grease,,10.0,mg/l,10,6,1,0.95,2026-07-06 10:54:30.245352+05:30,
158,23,site_982,Total Dissolved Solids,,2100.0,mg/l,2100,6,1,0.95,2026-07-06 10:54:30.245352+05:30,
159,23,site_982,Chlorides,,600.0,mg/l,600,6,1,0.95,2026-07-06 10:54:30.245352+05:30,
160,23,site_982,Sulphates,,1000.0,pH,1000,6,1,0.95,2026-07-06 10:54:30.245352+05:30,
161,23,site_982,Suspended Solids,,100.0,mg/l,100,6,1,0.95,2026-07-06 10:54:30.245352+05:30,
162,23,site_982,TPM,,150.0,mg/Nm3,150 Mg/Nm3,8,1,0.95,2026-07-06 10:54:30.245352+05:30,
163,23,site_982,SO2,,258.5,mg/Nm3,258.5 Kg/Day,8,1,0.95,2026-07-06 10:54:30.245352+05:30,
164,23,site_982,TPM,,150.0,mg/Nm3,150 Mg/Nm3,8,1,0.95,2026-07-06 10:54:30.245352+05:30,
165,23,site_982,SO2,,74.3,mg/Nm3,74.30 Kg/Day,8,1,0.95,2026-07-06 10:54:30.245352+05:30,
166,23,site_982,TPM,,150.0,mg/Nm3,150 Mg/Nm3,8,1,0.95,2026-07-06 10:54:30.245352+05:30,
167,23,site_982,SO2,,351.4,mg/Nm3,351.4 Kg/Day,8,1,0.95,2026-07-06 10:54:30.245352+05:30,
168,23,site_982,TPM,,150.0,mg/Nm3,150 Mg/Nm3,8,1,0.95,2026-07-06 10:54:30.245352+05:30,
169,23,site_982,SO2,,31.0,mg/Nm3,31 Kg/Day,8,1,0.95,2026-07-06 10:54:30.245352+05:30,
170,23,site_982,TPM,,150.0,mg/Nm3,150 Mg/Nm3,8,1,0.95,2026-07-06 10:54:30.245352+05:30,
171,23,site_982,SO2,,31.0,mg/Nm3,31 Kg/Day,8,1,0.95,2026-07-06 10:54:30.245352+05:30,
172,23,site_982,TPM,,150.0,mg/Nm3,150 Mg/Nm3,9,1,0.95,2026-07-06 10:54:30.245352+05:30,
173,23,site_982,SO2,,74.9,mg/Nm3,74.9 Kg/Day,9,1,0.95,2026-07-06 10:54:30.245352+05:30,
174,24,site_1138,Trade effluent,,100.0,mg/l,Recycle 100% to achieve ZLD,1,2,0.95,2026-07-06 10:54:33.184703+05:30,
175,24,site_1138,Suspended Solids,,50.0,mg/l,50,4,1,0.95,2026-07-06 10:54:33.184703+05:30,
176,24,site_1138,BOD 3 days 27oC,,30.0,mg/l,30,4,1,0.95,2026-07-06 10:54:33.184703+05:30,
177,24,site_1138,COD,,100.0,mg/l,100,4,1,0.95,2026-07-06 10:54:33.184703+05:30,
178,24,site_1138,SO2,,98.0,mg/Nm3,98 Kg/Day,6,1,0.95,2026-07-06 10:54:33.184703+05:30,
1008,85,site_1561,SO2,,2.4,mg/Nm3,2.4 Kg/Day,6,1,0.95,2026-07-12 09:38:41.841124+05:30,
1009,85,site_1561,SO2,,72.0,mg/Nm3,72 Kg/Day,6,1,0.95,2026-07-12 09:38:41.841124+05:30,
1146,96,site_1131,Trade effluent,,0.0,mg/l,0,4,2,0.95,2026-07-12 11:03:30.139407+05:30,
1147,96,site_1131,pH Value,5.5,9.0,pH,5.5-9.0,4,3,0.95,2026-07-12 11:03:30.139407+05:30,
1148,96,site_1131,Suspended Solid mg/l,,600.0,mg/l,600,4,3,0.95,2026-07-12 11:03:30.139407+05:30,
1149,96,site_1131,Oil and Grease mg/l,,20.0,mg/l,20,4,3,0.95,2026-07-12 11:03:30.139407+05:30,
1150,96,site_1131,BOD mg/l,,350.0,mg/l,350,4,3,0.95,2026-07-12 11:03:30.139407+05:30,
1151,96,site_1131,COD mg/l,,5.0,mg/l,5,4,3,0.95,2026-07-12 11:03:30.139407+05:30,
204,27,site_1321,Trade effluent,,2.9,mg/l,2.9,2,2,0.95,2026-07-06 10:54:42.497481+05:30,
205,27,site_1321,pH,6.0,8.5,pH,6.0 -8.5,4,1,0.95,2026-07-06 10:54:42.497481+05:30,
206,27,site_1321,BOD (3 days 27°C),,30.0,mg/l,30,4,1,0.95,2026-07-06 10:54:42.497481+05:30,
207,27,site_1321,COD,,250.0,mg/l,250,4,1,0.95,2026-07-06 10:54:42.497481+05:30,
208,27,site_1321,TSS,,100.0,mg/l,100,4,1,0.95,2026-07-06 10:54:42.497481+05:30,
209,27,site_1321,Oil & Grease,,10.0,mg/l,10,4,1,0.95,2026-07-06 10:54:42.497481+05:30,
210,27,site_1321,***Methylene Chloride,,0.9,mg/l,0.9,4,1,0.95,2026-07-06 10:54:42.497481+05:30,
211,27,site_1321,Suspended Solids,,50.0,mg/l,50,5,1,0.95,2026-07-06 10:54:42.497481+05:30,
212,27,site_1321,BOD 3 days 27oC,,30.0,mg/l,30,5,1,0.95,2026-07-06 10:54:42.497481+05:30,
213,27,site_1321,TPM,,50.0,mg/Nm3,50 Mg/Nm3,6,1,0.95,2026-07-06 10:54:42.497481+05:30,
214,27,site_1321,SO2,,23.04,mg/Nm3,23.04 Kg/Day,6,1,0.95,2026-07-06 10:54:42.497481+05:30,
215,27,site_1321,TPM,,50.0,mg/Nm3,50 Mg/Nm3,6,1,0.95,2026-07-06 10:54:42.497481+05:30,
216,27,site_1321,SO2,,43.2,mg/Nm3,43.2 Kg/Day,6,1,0.95,2026-07-06 10:54:42.497481+05:30,
217,28,site_1264,Trade effluent,,1.8,mg/l,1.8,1,2,0.95,2026-07-06 11:03:08.288103+05:30,
218,28,site_1264,pH,6.0,8.5,pH,6.0 -8.5,4,1,0.95,2026-07-06 11:03:08.288103+05:30,
219,28,site_1264,BOD (3 days 27°C),,30.0,mg/l,30,4,1,0.95,2026-07-06 11:03:08.288103+05:30,
220,28,site_1264,COD,,250.0,mg/l,250,4,1,0.95,2026-07-06 11:03:08.288103+05:30,
221,28,site_1264,TSS,,100.0,mg/l,100,4,1,0.95,2026-07-06 11:03:08.288103+05:30,
222,28,site_1264,Oil & Grease,,10.0,mg/l,10,4,1,0.95,2026-07-06 11:03:08.288103+05:30,
223,28,site_1264,Suspended Solids,,100.0,mg/l,100,4,2,0.95,2026-07-06 11:03:08.288103+05:30,
224,28,site_1264,BOD 3 days 27oC,,100.0,mg/l,100,4,2,0.95,2026-07-06 11:03:08.288103+05:30,
225,28,site_1264,SO2,,4.8,mg/Nm3,4.8 Kg/Day,6,1,0.95,2026-07-06 11:03:08.288103+05:30,
245,32,site_1668,Trade effluent,,496.0,mg/l,496.0,2,1,0.95,2026-07-06 11:26:06.262836+05:30,
246,32,site_1668,Sodium Chloride Salt (NaCl),,108.0,mg/l,108,3,1,0.95,2026-07-06 11:26:06.262836+05:30,
247,32,site_1668,pH,5.5,8.5,pH,5.5 to 8.5,5,1,0.95,2026-07-06 11:26:06.262836+05:30,
248,32,site_1668,Oil & Grease,,10.0,mg/l,10,5,1,0.95,2026-07-06 11:26:06.262836+05:30,
249,32,site_1668,BOD (3 days 27oC ),,100.0,mg/l,100,5,1,0.95,2026-07-06 11:26:06.262836+05:30,
250,32,site_1668,Total Suspended solids,,100.0,mg/l,100,5,1,0.95,2026-07-06 11:26:06.262836+05:30,
251,32,site_1668,COD,,250.0,mg/l,250,5,1,0.95,2026-07-06 11:26:06.262836+05:30,
252,32,site_1668,Chlorides,,600.0,mg/l,600,5,1,0.95,2026-07-06 11:26:06.262836+05:30,
253,32,site_1668,Sulphates,,1000.0,pH,1000,5,1,0.95,2026-07-06 11:26:06.262836+05:30,
254,32,site_1668,Sulphates (as S),,2.0,pH,2.0,5,1,0.95,2026-07-06 11:26:06.262836+05:30,
255,32,site_1668,Total Dissolved Solids,,2100.0,mg/l,2100,5,1,0.95,2026-07-06 11:26:06.262836+05:30,
256,32,site_1668,TPM,,50.0,mg/Nm3,50 Mg/Nm3,7,1,0.95,2026-07-06 11:26:06.262836+05:30,
257,32,site_1668,SO2,,30.024,mg/Nm3,30.024 Kg/Day,7,1,0.95,2026-07-06 11:26:06.262836+05:30,
258,32,site_1668,TPM,,50.0,mg/Nm3,50 Mg/Nm3,7,1,0.95,2026-07-06 11:26:06.262836+05:30,
259,32,site_1668,SO2,,8.64,mg/Nm3,8.64 Kg/Day,7,1,0.95,2026-07-06 11:26:06.262836+05:30,
260,32,site_1668,TPM,,50.0,mg/Nm3,50 Mg/Nm3,7,1,0.95,2026-07-06 11:26:06.262836+05:30,
261,32,site_1668,SO2,,8.64,mg/Nm3,8.64 Kg/Day,7,1,0.95,2026-07-06 11:26:06.262836+05:30,
262,32,site_1668,TPM,,50.0,mg/Nm3,50 Mg/Nm3,7,1,0.95,2026-07-06 11:26:06.262836+05:30,
263,32,site_1668,SO2,,19.52,mg/Nm3,19.52 Kg/Day,7,1,0.95,2026-07-06 11:26:06.262836+05:30,
264,32,site_1668,TPM,,50.0,mg/Nm3,50 Mg/Nm3,7,1,0.95,2026-07-06 11:26:06.262836+05:30,
265,32,site_1668,SO2,,16.0,mg/Nm3,16 Kg/Day,7,1,0.95,2026-07-06 11:26:06.262836+05:30,
266,34,site_1789,Aluminium Chloride (5-15%),,39150.0,mg/l,39150,1,1,0.95,2026-07-06 11:44:52.548946+05:30,
267,34,site_1789,Copper Sulphate,,664.0,pH,664,2,1,0.95,2026-07-06 11:44:52.548946+05:30,
268,34,site_1789,Trade effluent,,10660.0,mg/l,10660,2,2,0.95,2026-07-06 11:44:52.548946+05:30,
269,34,site_1789,28.1 Process Residue and wastes (Ammonium Sulphate (wet 30%)),,20926.0,pH,20926,4,1,0.95,2026-07-06 11:44:52.548946+05:30,
270,34,site_1789,pH,6.5,8.5,pH,6.5 - 8.5,6,1,0.95,2026-07-06 11:44:52.548946+05:30,
271,34,site_1789,Total Suspended solid (TSS),,100.0,mg/l,100,6,1,0.95,2026-07-06 11:44:52.548946+05:30,
272,34,site_1789,COD,,250.0,mg/l,250,6,1,0.95,2026-07-06 11:44:52.548946+05:30,
273,34,site_1789,Oil and Grease,,10.0,mg/l,10,6,1,0.95,2026-07-06 11:44:52.548946+05:30,
274,34,site_1789,SO2,,2582.4,mg/Nm3,2582.4 Kg/Day,8,1,0.95,2026-07-06 11:44:52.548946+05:30,
275,34,site_1789,TPM,,150.0,mg/Nm3,150 Mg/Nm3,8,1,0.95,2026-07-06 11:44:52.548946+05:30,
276,34,site_1789,SO2,,327.36,mg/Nm3,327.36 Kg/Day,8,1,0.95,2026-07-06 11:44:52.548946+05:30,
277,34,site_1789,TPM,,150.0,mg/Nm3,150 Mg/Nm3,8,1,0.95,2026-07-06 11:44:52.548946+05:30,
278,34,site_1789,TPM,,150.0,mg/Nm3,150 Mg/Nm3,8,1,0.95,2026-07-06 11:44:52.548946+05:30,
279,34,site_1789,TPM,,150.0,mg/Nm3,150 Mg/Nm3,8,1,0.95,2026-07-06 11:44:52.548946+05:30,
280,34,site_1789,TPM,,150.0,mg/Nm3,150 Mg/Nm3,8,1,0.95,2026-07-06 11:44:52.548946+05:30,
281,34,site_1789,TPM,,150.0,mg/Nm3,150 Mg/Nm3,8,1,0.95,2026-07-06 11:44:52.548946+05:30,
282,34,site_1789,TPM,,150.0,mg/Nm3,150 Mg/Nm3,8,1,0.95,2026-07-06 11:44:52.548946+05:30,
283,34,site_1789,TPM,,150.0,mg/Nm3,150 Mg/Nm3,8,1,0.95,2026-07-06 11:44:52.548946+05:30,
284,34,site_1789,TPM,,150.0,mg/Nm3,150 Mg/Nm3,8,1,0.95,2026-07-06 11:44:52.548946+05:30,
285,34,site_1789,TPM,,150.0,mg/Nm3,150 Mg/Nm3,8,1,0.95,2026-07-06 11:44:52.548946+05:30,
286,34,site_1789,TPM,,150.0,mg/Nm3,150 Mg/Nm3,9,1,0.95,2026-07-06 11:44:52.548946+05:30,
287,34,site_1789,SO2,,192.0,mg/Nm3,192 Kg/Day,9,1,0.95,2026-07-06 11:44:52.548946+05:30,
288,34,site_1789,SO2,,1260.0,mg/Nm3,1260 Kg/Day,9,1,0.95,2026-07-06 11:44:52.548946+05:30,
289,34,site_1789,TPM,,150.0,mg/Nm3,150 Mg/Nm3,9,1,0.95,2026-07-06 11:44:52.548946+05:30,
290,34,site_1789,TPM,,150.0,mg/Nm3,150 Mg/Nm3,9,1,0.95,2026-07-06 11:44:52.548946+05:30,
291,34,site_1789,SO2,,35.0,mg/Nm3,35 Kg/Day,9,1,0.95,2026-07-06 11:44:52.548946+05:30,
292,34,site_1789,TPM,,150.0,mg/Nm3,150 Mg/Nm3,9,1,0.95,2026-07-06 11:44:52.548946+05:30,
293,34,site_1789,SO2,,38.0,mg/Nm3,38 Kg/Day,9,1,0.95,2026-07-06 11:44:52.548946+05:30,
294,34,site_1789,TPM,,150.0,mg/Nm3,150 Mg/Nm3,9,1,0.95,2026-07-06 11:44:52.548946+05:30,
1010,86,site_1787,Trade effluent,,100.0,mg/l,Recycle 100% to achieve ZLD,1,2,0.95,2026-07-12 09:41:56.351293+05:30,
1011,86,site_1787,TPM,,50.0,mg/Nm3,50 Mg/Nm3,6,1,0.95,2026-07-12 09:41:56.351293+05:30,
1012,86,site_1787,SO2,,192.0,mg/Nm3,192 Kg/Day,6,1,0.95,2026-07-12 09:41:56.351293+05:30,
1013,86,site_1787,TPM,,50.0,mg/Nm3,50 Mg/Nm3,6,1,0.95,2026-07-12 09:41:56.351293+05:30,
1014,86,site_1787,SO2,,36.0,mg/Nm3,36 Kg/Day,6,1,0.95,2026-07-12 09:41:56.351293+05:30,
1015,86,site_1787,TPM,,50.0,mg/Nm3,50 Mg/Nm3,6,1,0.95,2026-07-12 09:41:56.351293+05:30,
1016,86,site_1787,SO2,,600.0,mg/Nm3,600 Kg/Day,6,1,0.95,2026-07-12 09:41:56.351293+05:30,
1017,86,site_1787,SO2,,50.0,mg/Nm3,50 PPM,6,1,0.95,2026-07-12 09:41:56.351293+05:30,
1018,86,site_1787,NOx,,50.0,mg/Nm3,50 PPM,6,1,0.95,2026-07-12 09:41:56.351293+05:30,
1152,97,site_1200,Ammonium Sulphate Either/Or,,9700.0,kg/day,9700,2,1,0.95,2026-07-12 11:04:05.715084+05:30,
1153,97,site_1200,OR Calcium Sulphate,,3500.0,kg/day,3500,2,1,0.95,2026-07-12 11:04:05.715084+05:30,
1154,97,site_1200,Trade effluent,,30.0,mg/l,Partly recycle 30 CMD & partly CETP 20 CMD,2,2,0.95,2026-07-12 11:04:05.715084+05:30,
1155,97,site_1200,Calcium Sulphate,,8000.0,kg/day,8000,3,1,0.95,2026-07-12 11:04:05.715084+05:30,
1156,97,site_1200,pH,6.0,8.5,pH,6.0 -8.5,5,1,0.95,2026-07-12 11:04:05.715084+05:30,
1157,97,site_1200,BOD (3 days 27°C),,30.0,mg/l,30,5,1,0.95,2026-07-12 11:04:05.715084+05:30,
1158,97,site_1200,COD,,250.0,mg/l,250,5,1,0.95,2026-07-12 11:04:05.715084+05:30,
1159,97,site_1200,TSS,,100.0,mg/l,100,5,1,0.95,2026-07-12 11:04:05.715084+05:30,
1160,97,site_1200,Oil & Grease,,10.0,mg/l,10,5,1,0.95,2026-07-12 11:04:05.715084+05:30,
1161,97,site_1200,Suspended Solids,,50.0,mg/l,50,6,1,0.95,2026-07-12 11:04:05.715084+05:30,
1162,97,site_1200,BOD 3 days 27oC,,30.0,mg/l,30,6,1,0.95,2026-07-12 11:04:05.715084+05:30,
1163,97,site_1200,TPM,,50.0,mg/Nm3,50 Mg/Nm3,7,1,0.95,2026-07-12 11:04:05.715084+05:30,
1164,97,site_1200,SO2,,45.7,mg/Nm3,45.7 Kg/Day,7,1,0.95,2026-07-12 11:04:05.715084+05:30,
1165,97,site_1200,TPM,,50.0,mg/Nm3,50 Mg/Nm3,7,1,0.95,2026-07-12 11:04:05.715084+05:30,
1166,97,site_1200,SO2,,47.5,mg/Nm3,47.5 Kg/Day,7,1,0.95,2026-07-12 11:04:05.715084+05:30,
1167,97,site_1200,TPM,,50.0,mg/Nm3,50 Mg/Nm3,7,1,0.95,2026-07-12 11:04:05.715084+05:30,
1168,97,site_1200,SO2,,20.1,mg/Nm3,20.1 Kg/Day,7,1,0.95,2026-07-12 11:04:05.715084+05:30,
1169,97,site_1200,TPM,,50.0,mg/Nm3,50 Mg/Nm3,7,1,0.95,2026-07-12 11:04:05.715084+05:30,
1170,97,site_1200,SO2,,101.7,mg/Nm3,101.7 Kg/Day,7,1,0.95,2026-07-12 11:04:05.715084+05:30,
1200,100,site_1167,Trade effluent,,100.0,mg/l,Recycle 100% to achieve ZLD,,,0.3,2026-07-12 11:18:28.889003+05:30,site_1247
1019,87,site_1756,Didecyl Dimethyl Ammonium Chloride,,1800.0,mg/l,1800,2,1,0.95,2026-07-12 09:41:59.655146+05:30,
1020,87,site_1756,Sodium Chloride,,4220.0,mg/l,4220,2,1,0.95,2026-07-12 09:41:59.655146+05:30,
1021,87,site_1756,Trade effluent,,100.0,mg/l,Recycle 100% to achieve ZLD,3,2,0.95,2026-07-12 09:41:59.655146+05:30,
1022,87,site_1756,Suspended Solids,,50.0,mg/l,50,7,1,0.95,2026-07-12 09:41:59.655146+05:30,
1023,87,site_1756,BOD 3 days 27oC,,30.0,mg/l,30,7,1,0.95,2026-07-12 09:41:59.655146+05:30,
1024,87,site_1756,COD,,100.0,mg/l,100,7,1,0.95,2026-07-12 09:41:59.655146+05:30,
1025,87,site_1756,TPM,,150.0,mg/Nm3,150 Mg/Nm3,8,2,0.95,2026-07-12 09:41:59.655146+05:30,
1026,87,site_1756,SO2,,1440.0,mg/Nm3,1440 Kg/Day,8,2,0.95,2026-07-12 09:41:59.655146+05:30,
1027,87,site_1756,TPM,,150.0,mg/Nm3,150 Mg/Nm3,8,2,0.95,2026-07-12 09:41:59.655146+05:30,
1028,87,site_1756,SO2,,192.0,mg/Nm3,192 Kg/Day,8,2,0.95,2026-07-12 09:41:59.655146+05:30,
1201,100,site_1167,Suspended Solids,,50.0,mg/l,50,,,0.3,2026-07-12 11:18:28.889003+05:30,site_1247
1202,100,site_1167,BOD 3 days 27oC,,30.0,mg/l,30,,,0.3,2026-07-12 11:18:28.889003+05:30,site_1247
1203,100,site_1167,COD,,100.0,mg/l,100,,,0.3,2026-07-12 11:18:28.889003+05:30,site_1247
1204,101,site_1203,Trade effluent,,100.0,mg/l,Recycle 100% to achieve ZLD,,,0.3,2026-07-12 11:18:28.889003+05:30,site_1138
1205,101,site_1203,Suspended Solids,,50.0,mg/l,50,,,0.3,2026-07-12 11:18:28.889003+05:30,site_1138
1206,101,site_1203,BOD 3 days 27oC,,30.0,mg/l,30,,,0.3,2026-07-12 11:18:28.889003+05:30,site_1138
1207,101,site_1203,COD,,100.0,mg/l,100,,,0.3,2026-07-12 11:18:28.889003+05:30,site_1138
1208,101,site_1203,SO2,,98.0,mg/Nm3,98 Kg/Day,,,0.3,2026-07-12 11:18:28.889003+05:30,site_1138
1209,102,site_1280,Trade effluent,,0.0,mg/l,0,,,0.3,2026-07-12 11:18:28.889003+05:30,site_1131
1210,102,site_1280,pH Value,5.5,9.0,pH,5.5-9.0,,,0.3,2026-07-12 11:18:28.889003+05:30,site_1131
1211,102,site_1280,Suspended Solid mg/l,,600.0,mg/l,600,,,0.3,2026-07-12 11:18:28.889003+05:30,site_1131
1212,102,site_1280,Oil and Grease mg/l,,20.0,mg/l,20,,,0.3,2026-07-12 11:18:28.889003+05:30,site_1131
1213,102,site_1280,BOD mg/l,,350.0,mg/l,350,,,0.3,2026-07-12 11:18:28.889003+05:30,site_1131
1214,102,site_1280,COD mg/l,,5.0,mg/l,5,,,0.3,2026-07-12 11:18:28.889003+05:30,site_1131
1215,103,site_1232,"Storage, Repacking & sale of Ammonium Chloride",,8400.0,mg/l,8400,,,0.3,2026-07-12 11:18:28.889003+05:30,site_1257
1216,103,site_1232,Trade effluent,,0.0,mg/l,0,,,0.3,2026-07-12 11:18:28.889003+05:30,site_1257
1217,103,site_1232,Trade effluent,,100.0,mg/l,Recycle 100% to achieve ZLD,,,0.3,2026-07-12 11:18:28.889003+05:30,site_1257
1218,103,site_1232,TPM,,50.0,mg/Nm3,50 Mg/Nm3,,,0.3,2026-07-12 11:18:28.889003+05:30,site_1257
1219,103,site_1232,SO2,,28.8,mg/Nm3,28.8 Kg/Day,,,0.3,2026-07-12 11:18:28.889003+05:30,site_1257
1220,104,site_1285,"Storage, Repacking & sale of Ammonium Chloride",,8400.0,mg/l,8400,,,0.3,2026-07-12 11:18:28.889003+05:30,site_1257
1221,104,site_1285,Trade effluent,,0.0,mg/l,0,,,0.3,2026-07-12 11:18:28.889003+05:30,site_1257
1222,104,site_1285,Trade effluent,,100.0,mg/l,Recycle 100% to achieve ZLD,,,0.3,2026-07-12 11:18:28.889003+05:30,site_1257
1223,104,site_1285,TPM,,50.0,mg/Nm3,50 Mg/Nm3,,,0.3,2026-07-12 11:18:28.889003+05:30,site_1257
1224,104,site_1285,SO2,,28.8,mg/Nm3,28.8 Kg/Day,,,0.3,2026-07-12 11:18:28.889003+05:30,site_1257
1029,88,site_1221,Trade effluent,,13.0,mg/l,13,1,2,0.95,2026-07-12 09:56:25.378713+05:30,
1030,88,site_1221,pH,6.0,8.5,pH,6.0 -8.5,5,1,0.95,2026-07-12 09:56:25.378713+05:30,
1031,88,site_1221,TSS,,100.0,mg/l,100,5,1,0.95,2026-07-12 09:56:25.378713+05:30,
1032,88,site_1221,Oil & Grease,,10.0,mg/l,10,5,1,0.95,2026-07-12 09:56:25.378713+05:30,
1033,88,site_1221,Temperature,,45.0,mg/l,45 degree C,5,1,0.95,2026-07-12 09:56:25.378713+05:30,
1034,88,site_1221,Suspended Solids,,50.0,mg/l,50,5,2,0.95,2026-07-12 09:56:25.378713+05:30,
1035,88,site_1221,BOD 3 days 27oC,,30.0,mg/l,30,5,2,0.95,2026-07-12 09:56:25.378713+05:30,
1036,88,site_1221,COD,,100.0,mg/l,100,5,2,0.95,2026-07-12 09:56:25.378713+05:30,
1037,88,site_1221,TPM,,50.0,mg/Nm3,50 Mg/Nm3,6,2,0.95,2026-07-12 09:56:25.378713+05:30,
1038,88,site_1221,SO2,,6.0,mg/Nm3,06 Kg/Day,6,2,0.95,2026-07-12 09:56:25.378713+05:30,
1039,88,site_1221,TPM,,50.0,mg/Nm3,50 Mg/Nm3,6,2,0.95,2026-07-12 09:56:25.378713+05:30,
1040,88,site_1221,SO2,,6.0,mg/Nm3,06 Kg/Day,6,2,0.95,2026-07-12 09:56:25.378713+05:30,
1041,88,site_1221,Total Particulate Matter,,30.0,mg/Nm3,30 mg/ Nm3,6,3,0.95,2026-07-12 09:56:25.378713+05:30,
1225,105,site_1259,Trade effluent,,1.0,mg/l,1.00,,,0.3,2026-07-12 12:08:23.658568+05:30,site_1284
1226,105,site_1259,pH,6.0,8.5,pH,6.0 -8.5,,,0.3,2026-07-12 12:08:23.658568+05:30,site_1284
1227,105,site_1259,BOD (3 days 27°C),,30.0,mg/l,30,,,0.3,2026-07-12 12:08:23.658568+05:30,site_1284
1228,105,site_1259,COD,,250.0,mg/l,250,,,0.3,2026-07-12 12:08:23.658568+05:30,site_1284
1229,105,site_1259,TSS,,100.0,mg/l,100,,,0.3,2026-07-12 12:08:23.658568+05:30,site_1284
1230,105,site_1259,Oil & Grease,,10.0,mg/l,10,,,0.3,2026-07-12 12:08:23.658568+05:30,site_1284
1231,105,site_1259,Suspended Solids,,50.0,mg/l,50,,,0.3,2026-07-12 12:08:23.658568+05:30,site_1284
1232,105,site_1259,BOD 3 days 27oC,,30.0,mg/l,30,,,0.3,2026-07-12 12:08:23.658568+05:30,site_1284
1233,105,site_1259,COD,,100.0,mg/l,100,,,0.3,2026-07-12 12:08:23.658568+05:30,site_1284
1234,105,site_1259,SO2,,1.0,mg/Nm3,1 Kg/Day,,,0.3,2026-07-12 12:08:23.658568+05:30,site_1284
1235,106,site_1581,Trade effluent,,1.0,mg/l,1.00,,,0.3,2026-07-12 12:08:23.658568+05:30,site_1284
1236,106,site_1581,pH,6.0,8.5,pH,6.0 -8.5,,,0.3,2026-07-12 12:08:23.658568+05:30,site_1284
1237,106,site_1581,BOD (3 days 27°C),,30.0,mg/l,30,,,0.3,2026-07-12 12:08:23.658568+05:30,site_1284
1238,106,site_1581,COD,,250.0,mg/l,250,,,0.3,2026-07-12 12:08:23.658568+05:30,site_1284
1239,106,site_1581,TSS,,100.0,mg/l,100,,,0.3,2026-07-12 12:08:23.658568+05:30,site_1284
1240,106,site_1581,Oil & Grease,,10.0,mg/l,10,,,0.3,2026-07-12 12:08:23.658568+05:30,site_1284
1241,106,site_1581,Suspended Solids,,50.0,mg/l,50,,,0.3,2026-07-12 12:08:23.658568+05:30,site_1284
1242,106,site_1581,BOD 3 days 27oC,,30.0,mg/l,30,,,0.3,2026-07-12 12:08:23.658568+05:30,site_1284
1243,106,site_1581,COD,,100.0,mg/l,100,,,0.3,2026-07-12 12:08:23.658568+05:30,site_1284
1244,106,site_1581,SO2,,1.0,mg/Nm3,1 Kg/Day,,,0.3,2026-07-12 12:08:23.658568+05:30,site_1284
1245,89,site_1256,Trade effluent,,13.0,mg/l,13,1,2,0.30,2026-07-12 19:14:37.609715+05:30,site_1221
1246,89,site_1256,pH,6.0,8.5,pH,6.0 -8.5,5,1,0.30,2026-07-12 19:14:37.609715+05:30,site_1221
1042,90,site_1369,Trade effluent,,302.0,mg/l,Partly recycle 302 CMD & partly CETP 98 CMD,6,2,0.95,2026-07-12 10:04:49.155158+05:30,
1043,90,site_1369,35.4 Oil and grease skimming,,240.0,mg/l,240,8,2,0.95,2026-07-12 10:04:49.155158+05:30,
1044,90,site_1369,Aluminium Chloride Solution,,48.0,mg/l,48,10,1,0.95,2026-07-12 10:04:49.155158+05:30,
1045,90,site_1369,Sodium Chloride salt,,72.0,mg/l,72,11,1,0.95,2026-07-12 10:04:49.155158+05:30,
1046,90,site_1369,ammonium Sulphate 35 OR,,3600.0,pH,3600,11,1,0.95,2026-07-12 10:04:49.155158+05:30,
1047,90,site_1369,Ammonium Sulphate,,2280.0,pH,2280,11,1,0.95,2026-07-12 10:04:49.155158+05:30,
1048,90,site_1369,Chromium Sulphate Solution OR,,2220.0,pH,2220,11,1,0.95,2026-07-12 10:04:49.155158+05:30,
1049,90,site_1369,Calcium Sulphate OR,,11400.0,pH,11400,11,1,0.95,2026-07-12 10:04:49.155158+05:30,
1050,90,site_1369,Ferrous Sulphate OR,,6000.0,pH,6000,11,1,0.95,2026-07-12 10:04:49.155158+05:30,
1051,90,site_1369,Magnesium Sulphate,,6264.0,pH,6264,11,1,0.95,2026-07-12 10:04:49.155158+05:30,
1052,90,site_1369,Sodium Phosphate 10 OR,,300.0,pH,300,12,1,0.95,2026-07-12 10:04:49.155158+05:30,
1053,90,site_1369,Sodium Phosphate,,156.0,pH,156,12,1,0.95,2026-07-12 10:04:49.155158+05:30,
1054,90,site_1369,Sodium Sulphate,,2280.0,pH,2280,12,1,0.95,2026-07-12 10:04:49.155158+05:30,
1055,90,site_1369,Potassium Sulphate,,24.0,pH,24,12,1,0.95,2026-07-12 10:04:49.155158+05:30,
1056,90,site_1369,pH,6.0,8.5,pH,6.0 -8.5,14,1,0.95,2026-07-12 10:04:49.155158+05:30,
1057,90,site_1369,BOD (3 days 27°C),,30.0,mg/l,30,14,1,0.95,2026-07-12 10:04:49.155158+05:30,
1058,90,site_1369,COD,,250.0,mg/l,250,14,1,0.95,2026-07-12 10:04:49.155158+05:30,
1059,90,site_1369,TSS,,100.0,mg/l,100,14,1,0.95,2026-07-12 10:04:49.155158+05:30,
1060,90,site_1369,Oil & Grease,,10.0,mg/l,10,14,1,0.95,2026-07-12 10:04:49.155158+05:30,
1061,90,site_1369,Chloride,,600.0,mg/l,600,14,1,0.95,2026-07-12 10:04:49.155158+05:30,
1062,90,site_1369,Sulphate,,1000.0,pH,1000,14,1,0.95,2026-07-12 10:04:49.155158+05:30,
1063,90,site_1369,SO2,,225.12,mg/Nm3,225.12 Kg/Day,16,1,0.95,2026-07-12 10:04:49.155158+05:30,
1064,90,site_1369,SO2,,499.92,mg/Nm3,499.92 Kg/Day,16,1,0.95,2026-07-12 10:04:49.155158+05:30,
1065,90,site_1369,TPM,,150.0,mg/Nm3,150 Mg/Nm3,16,1,0.95,2026-07-12 10:04:49.155158+05:30,
1066,90,site_1369,SO2,,399.84,mg/Nm3,399.84 Kg/Day,16,1,0.95,2026-07-12 10:04:49.155158+05:30,
1067,90,site_1369,TPM,,150.0,mg/Nm3,150 Mg/Nm3,16,1,0.95,2026-07-12 10:04:49.155158+05:30,
1068,90,site_1369,SO2,,50.88,mg/Nm3,50.88 Kg/Day,16,1,0.95,2026-07-12 10:04:49.155158+05:30,
1069,90,site_1369,TPM,,150.0,mg/Nm3,150 Mg/Nm3,16,1,0.95,2026-07-12 10:04:49.155158+05:30,
1070,90,site_1369,SO2,,220.0,mg/Nm3,220 Kg/Day,16,1,0.95,2026-07-12 10:04:49.155158+05:30,
1071,90,site_1369,TPM,,150.0,mg/Nm3,150 Mg/Nm3,16,1,0.95,2026-07-12 10:04:49.155158+05:30,
1072,90,site_1369,SO2,,402.6,mg/Nm3,402.6 Kg/Day,16,1,0.95,2026-07-12 10:04:49.155158+05:30,
1073,90,site_1369,TPM,,150.0,mg/Nm3,150 Mg/Nm3,16,1,0.95,2026-07-12 10:04:49.155158+05:30,
1074,90,site_1369,SO2,,5.52,mg/Nm3,5.52 Kg/Day,16,1,0.95,2026-07-12 10:04:49.155158+05:30,
1075,90,site_1369,TPM,,150.0,mg/Nm3,150 Mg/Nm3,16,1,0.95,2026-07-12 10:04:49.155158+05:30,
1076,90,site_1369,SO2,,14.58,mg/Nm3,14.58 Kg/Day,16,1,0.95,2026-07-12 10:04:49.155158+05:30,
1077,90,site_1369,TPM,,150.0,mg/Nm3,150 Mg/Nm3,16,1,0.95,2026-07-12 10:04:49.155158+05:30,
1078,90,site_1369,SO2,,48.0,mg/Nm3,48 Kg/Day,16,1,0.95,2026-07-12 10:04:49.155158+05:30,
1079,90,site_1369,TPM,,150.0,mg/Nm3,150 Mg/Nm3,16,1,0.95,2026-07-12 10:04:49.155158+05:30,
1080,90,site_1369,SO2,,57.6,mg/Nm3,57.6 Kg/Day,16,1,0.95,2026-07-12 10:04:49.155158+05:30,
1081,90,site_1369,TPM,,150.0,mg/Nm3,150 Mg/Nm3,16,1,0.95,2026-07-12 10:04:49.155158+05:30,
1082,90,site_1369,TPM,,150.0,mg/Nm3,150 Mg/Nm3,17,1,0.95,2026-07-12 10:04:49.155158+05:30,
1083,90,site_1369,TPM,,150.0,mg/Nm3,150 Mg/Nm3,17,1,0.95,2026-07-12 10:04:49.155158+05:30,
1084,90,site_1369,TPM,,150.0,mg/Nm3,150 Mg/Nm3,17,1,0.95,2026-07-12 10:04:49.155158+05:30,
1085,90,site_1369,TPM,,150.0,mg/Nm3,150 Mg/Nm3,17,1,0.95,2026-07-12 10:04:49.155158+05:30,
1086,90,site_1369,TPM,,150.0,mg/Nm3,150 Mg/Nm3,17,1,0.95,2026-07-12 10:04:49.155158+05:30,
1087,90,site_1369,SO2,,26.4,mg/Nm3,26.40 Kg/Day,17,1,0.95,2026-07-12 10:04:49.155158+05:30,
1088,90,site_1369,TPM,,150.0,mg/Nm3,150 Mg/Nm3,17,1,0.95,2026-07-12 10:04:49.155158+05:30,
1089,90,site_1369,SO2,,28.8,mg/Nm3,28.80 Kg/Day,17,1,0.95,2026-07-12 10:04:49.155158+05:30,
1090,90,site_1369,TPM,,150.0,mg/Nm3,150 Mg/Nm3,17,1,0.95,2026-07-12 10:04:49.155158+05:30,
1091,90,site_1369,SO2,,72.0,mg/Nm3,72 Kg/Day,17,1,0.95,2026-07-12 10:04:49.155158+05:30,
1092,90,site_1369,TPM,,150.0,mg/Nm3,150 Mg/Nm3,17,1,0.95,2026-07-12 10:04:49.155158+05:30,
1093,90,site_1369,SO2,,72.0,mg/Nm3,72 Kg/Day,17,1,0.95,2026-07-12 10:04:49.155158+05:30,
1094,90,site_1369,TPM,,150.0,mg/Nm3,150 Mg/Nm3,17,1,0.95,2026-07-12 10:04:49.155158+05:30,
1095,90,site_1369,SO2,,72.0,mg/Nm3,72 Kg/Day,17,1,0.95,2026-07-12 10:04:49.155158+05:30,
1096,90,site_1369,TPM,,150.0,mg/Nm3,150 Mg/Nm3,17,1,0.95,2026-07-12 10:04:49.155158+05:30,
1097,90,site_1369,SO2,,110.4,mg/Nm3,110.4 Kg/Day,17,1,0.95,2026-07-12 10:04:49.155158+05:30,
1098,90,site_1369,TPM,,150.0,mg/Nm3,150 Mg/Nm3,18,1,0.95,2026-07-12 10:04:49.155158+05:30,
1099,90,site_1369,SO2,,110.4,mg/Nm3,110.4 Kg/Day,18,1,0.95,2026-07-12 10:04:49.155158+05:30,
1100,90,site_1369,TPM,,150.0,mg/Nm3,150 Mg/Nm3,18,1,0.95,2026-07-12 10:04:49.155158+05:30,
1101,90,site_1369,SO2,,72.0,mg/Nm3,72 Kg/Day,18,1,0.95,2026-07-12 10:04:49.155158+05:30,
1102,90,site_1369,TPM,,150.0,mg/Nm3,150 Mg/Nm3,18,1,0.95,2026-07-12 10:04:49.155158+05:30,
1103,90,site_1369,SO2,,225.12,mg/Nm3,225.12 Kg/Day,18,1,0.95,2026-07-12 10:04:49.155158+05:30,
1104,92,site_1284,Trade effluent,,1.0,mg/l,1.00,1,2,0.95,2026-07-12 10:30:12.715926+05:30,
1105,92,site_1284,pH,6.0,8.5,pH,6.0 -8.5,3,1,0.95,2026-07-12 10:30:12.715926+05:30,
1106,92,site_1284,BOD (3 days 27°C),,30.0,mg/l,30,3,1,0.95,2026-07-12 10:30:12.715926+05:30,
1107,92,site_1284,COD,,250.0,mg/l,250,3,1,0.95,2026-07-12 10:30:12.715926+05:30,
1108,92,site_1284,TSS,,100.0,mg/l,100,3,1,0.95,2026-07-12 10:30:12.715926+05:30,
1109,92,site_1284,Oil & Grease,,10.0,mg/l,10,3,1,0.95,2026-07-12 10:30:12.715926+05:30,
1110,92,site_1284,Suspended Solids,,50.0,mg/l,50,3,2,0.95,2026-07-12 10:30:12.715926+05:30,
1111,92,site_1284,BOD 3 days 27oC,,30.0,mg/l,30,3,2,0.95,2026-07-12 10:30:12.715926+05:30,
1112,92,site_1284,COD,,100.0,mg/l,100,3,2,0.95,2026-07-12 10:30:12.715926+05:30,
1113,92,site_1284,SO2,,1.0,mg/Nm3,1 Kg/Day,4,2,0.95,2026-07-12 10:30:12.715926+05:30,
1114,93,site_1905,Trade effluent,,100.0,mg/l,Recycle 100% to achieve ZLD,2,2,0.95,2026-07-12 10:33:15.182979+05:30,
1115,93,site_1905,Suspended Solids,,50.0,mg/l,50 mg/l,5,1,0.95,2026-07-12 10:33:15.182979+05:30,
1116,93,site_1905,BOD 3 days 27oC,,30.0,mg/l,30 mg/l,5,1,0.95,2026-07-12 10:33:15.182979+05:30,
1117,93,site_1905,COD,,100.0,mg/l,100 mg/l,5,1,0.95,2026-07-12 10:33:15.182979+05:30,
1118,93,site_1905,TPM,,50.0,mg/Nm3,50 Mg/Nm3,6,2,0.95,2026-07-12 10:33:15.182979+05:30,
1119,93,site_1905,SO2,,60.0,mg/Nm3,60 Kg/Day,6,2,0.95,2026-07-12 10:33:15.182979+05:30,
1120,93,site_1905,TPM,,50.0,mg/Nm3,50 Mg/Nm3,6,2,0.95,2026-07-12 10:33:15.182979+05:30,
1121,93,site_1905,SO2,,60.0,mg/Nm3,60 Kg/Day,6,2,0.95,2026-07-12 10:33:15.182979+05:30,
1122,93,site_1905,TPM,,50.0,mg/Nm3,50 Mg/Nm3,6,2,0.95,2026-07-12 10:33:15.182979+05:30,
1123,93,site_1905,SO2,,110.0,mg/Nm3,110 Kg/Day,6,2,0.95,2026-07-12 10:33:15.182979+05:30,
1124,93,site_1905,TPM,,50.0,mg/Nm3,50 Mg/Nm3,6,2,0.95,2026-07-12 10:33:15.182979+05:30,
1125,93,site_1905,SO2,,110.0,mg/Nm3,110 Kg/Day,6,2,0.95,2026-07-12 10:33:15.182979+05:30,
1126,93,site_1905,TPM,,50.0,mg/Nm3,50 Mg/Nm3,6,2,0.95,2026-07-12 10:33:15.182979+05:30,
1127,93,site_1905,SO2,,110.0,mg/Nm3,110 Kg/Day,6,2,0.95,2026-07-12 10:33:15.182979+05:30,
1128,93,site_1905,TPM,,50.0,mg/Nm3,50 Mg/Nm3,6,2,0.95,2026-07-12 10:33:15.182979+05:30,
1129,93,site_1905,SO2,,110.0,mg/Nm3,110 Kg/Day,6,2,0.95,2026-07-12 10:33:15.182979+05:30,
1130,93,site_1905,TPM,,50.0,mg/Nm3,50 Mg/Nm3,7,1,0.95,2026-07-12 10:33:15.182979+05:30,
1131,93,site_1905,SO2,,51.36,mg/Nm3,51.36 Kg/Day,7,1,0.95,2026-07-12 10:33:15.182979+05:30,
1132,94,site_1569,Trade effluent,,100.0,mg/l,Recycle 100% to achieve ZLD,2,1,0.95,2026-07-12 10:33:57.424495+05:30,
1133,94,site_1569,Suspended Solids,,50.0,mg/l,50,4,1,0.95,2026-07-12 10:33:57.424495+05:30,
1134,94,site_1569,BOD 3 days 27oC,,30.0,mg/l,30,4,1,0.95,2026-07-12 10:33:57.424495+05:30,
1135,94,site_1569,Total Particulate Matter,,50.0,mg/Nm3,50 mg/ Nm3,6,2,0.95,2026-07-12 10:33:57.424495+05:30,
1136,95,site_2070,Trade effluent,,44.0,mg/l,Partly recycle 44 CMD to achieve ZLD & partly CETP 40 CMD,3,2,0.95,2026-07-12 10:35:53.577253+05:30,
1137,95,site_2070,Aluminium Chloride solution,,203.0,mg/l,203,4,1,0.95,2026-07-12 10:35:53.577253+05:30,
1138,95,site_2070,pH,6.0,8.5,pH,6.0 -8.5,6,1,0.95,2026-07-12 10:35:53.577253+05:30,
1139,95,site_2070,BOD (3 days 27°C),,30.0,mg/l,30,6,1,0.95,2026-07-12 10:35:53.577253+05:30,
1140,95,site_2070,COD,,250.0,mg/l,250,6,1,0.95,2026-07-12 10:35:53.577253+05:30,
1141,95,site_2070,TSS,,100.0,mg/l,100,6,1,0.95,2026-07-12 10:35:53.577253+05:30,
1142,95,site_2070,Oil & Grease,,10.0,mg/l,10,6,1,0.95,2026-07-12 10:35:53.577253+05:30,
1143,95,site_2070,SO2,,98.4,mg/Nm3,98.4 Kg/Day,7,2,0.95,2026-07-12 10:35:53.577253+05:30,
1144,95,site_2070,TPM,,150.0,mg/Nm3,150 Mg/Nm3,7,2,0.95,2026-07-12 10:35:53.577253+05:30,
1145,95,site_2070,SO2 (process),,35.0,mg/Nm3,35 Mg/Nm3,7,2,0.95,2026-07-12 10:35:53.577253+05:30,
946,29,site_1281,Trade effluent,,459.9,,,,,0.95,2026-07-08 23:29:17.451213+05:30,
947,29,site_1281,pH,,9,,,,,0.95,2026-07-08 23:29:17.451213+05:30,
948,29,site_1281,Suspended Solids,,50,,,,,0.95,2026-07-08 23:29:17.451213+05:30,
949,29,site_1281,BOD 3 days 27oC,,30,,,,,0.95,2026-07-08 23:29:17.451213+05:30,
950,29,site_1281,COD,,250,,,,,0.95,2026-07-08 23:29:17.451213+05:30,
951,29,site_1281,Oil & Grease,,10,,,,,0.95,2026-07-08 23:29:17.451213+05:30,
952,29,site_1281,Total Dissolved Solids,,2100,,,,,0.95,2026-07-08 23:29:17.451213+05:30,
953,29,site_1281,TPM,,100,,,,,0.95,2026-07-08 23:29:17.451213+05:30,
954,29,site_1281,SO2,,400,,,,,0.95,2026-07-08 23:29:17.451213+05:30,
955,29,site_1281,NOx,,50,,,,,0.95,2026-07-08 23:29:17.451213+05:30,
956,29,site_1281,Ammoniacal Nitrogen,,51,,,,,0.95,2026-07-08 23:29:17.451213+05:30,
957,29,site_1281,Total Kjeldahl Nitrogen,,84.8,,,,,0.95,2026-07-08 23:29:17.451213+05:30,
972,15,site_1909,Trade effluent,,1130.9,,,,,0.95,2026-07-08 23:29:17.451213+05:30,
973,15,site_1909,pH,,9,,,,,0.95,2026-07-08 23:29:17.451213+05:30,
974,15,site_1909,Suspended Solids,,50,,,,,0.95,2026-07-08 23:29:17.451213+05:30,
975,15,site_1909,BOD 3 days 27oC,,30,,,,,0.95,2026-07-08 23:29:17.451213+05:30,
976,15,site_1909,COD,,100,,,,,0.95,2026-07-08 23:29:17.451213+05:30,
977,15,site_1909,Oil & Grease,,10,,,,,0.95,2026-07-08 23:29:17.451213+05:30,
978,15,site_1909,Total Dissolved Solids,,2100,,,,,0.95,2026-07-08 23:29:17.451213+05:30,
979,15,site_1909,TPM,,100,,,,,0.95,2026-07-08 23:29:17.451213+05:30,
980,15,site_1909,SO2,,200,,,,,0.95,2026-07-08 23:29:17.451213+05:30,
981,15,site_1909,NOx,,50,,,,,0.95,2026-07-08 23:29:17.451213+05:30,
982,15,site_1909,Total Kjeldahl Nitrogen,,73.5,,,,,0.95,2026-07-08 23:29:17.451213+05:30,
983,15,site_1909,Sulphates,,1037.1,,,,,0.95,2026-07-08 23:29:17.451213+05:30,
984,15,site_1909,Chlorides,,733.5,,,,,0.95,2026-07-08 23:29:17.451213+05:30,
985,15,site_1909,Phosphate,,2.3,,,,,0.95,2026-07-08 23:29:17.451213+05:30,
