id,factory_id,missing_records,missing_percentage,missing_days,missing_intervals,longest_missing_duration,avg_gap_duration,largest_continuous_online,largest_continuous_offline,outage_count,gap_distribution,created_at,updated_at
8,site_1787,975,2.77,10.16,975,24.5,147.95454545454547,8540.683200000001,24.5,30,"{""0-15m"": 34050, ""15m-1h"": 68, ""1h-6h"": 31, ""6h-24h"": 10, "">24h"": 1}",2026-07-07 07:31:24.719034+05:30,2026-07-07 07:31:24.719034+05:30
16,site_1310,7396,21.05,77.04,7396,1607,3977.1428571428573,6934.968,1607,11,"{""0-15m"": 27711, ""15m-1h"": 12, ""1h-6h"": 10, ""6h-24h"": 2, "">24h"": 4}",2026-07-07 07:31:29.823523+05:30,2026-07-07 07:31:29.823523+05:30
17,site_982,524,4.4,1.36,524,11.5,211.5,711.264,11.5,24,"{""0-15m"": 11369, ""15m-1h"": 1, ""1h-6h"": 7, ""6h-24h"": 2, "">24h"": 0}",2026-07-07 07:31:30.575515+05:30,2026-07-07 07:31:30.575515+05:30
21,site_1905,7993,33.65,83.26,7993,884.5,1532.6582278481012,3949.152,884.5,37,"{""0-15m"": 15682, ""15m-1h"": 29, ""1h-6h"": 33, ""6h-24h"": 12, "">24h"": 5}",2026-07-07 07:31:33.103538+05:30,2026-07-07 07:31:33.103538+05:30
24,site_1280,5330,15.22,55.52,5330,167.25,748.4862385321101,7426.728,167.25,57,"{""0-15m"": 29576, ""15m-1h"": 38, ""1h-6h"": 27, ""6h-24h"": 27, "">24h"": 17}",2026-07-07 07:31:34.433907+05:30,2026-07-07 07:31:34.433907+05:30
27,site_1569,258,4.63,2.69,258,1.75,39.49367088607595,1327.5504,1.75,0,"{""0-15m"": 5151, ""15m-1h"": 150, ""1h-6h"": 8, ""6h-24h"": 0, "">24h"": 0}",2026-07-07 07:31:36.584569+05:30,2026-07-07 07:31:36.584569+05:30
28,site_1247,9180,26.13,95.62,9180,1355.5,1090.78125,6488.7408000000005,1355.5,27,"{""0-15m"": 25827, ""15m-1h"": 76, ""1h-6h"": 42, ""6h-24h"": 8, "">24h"": 2}",2026-07-07 07:31:36.796117+05:30,2026-07-07 07:31:36.796117+05:30
2,site_1799,101115,57.56,210.66,101115,744.25,512.0792079207921,3727.9296,744.25,137,"{""0-15m"": 74463, ""15m-1h"": 25, ""1h-6h"": 49, ""6h-24h"": 21, "">24h"": 6}",2026-07-07 07:31:19.420944+05:30,2026-07-11 10:30:05.1722+05:30
3,site_1232,9892,14.8,51.52,9892,360,189.97641509433961,7115.9039999999995,360,176,"{""0-15m"": 56499, ""15m-1h"": 284, ""1h-6h"": 112, ""6h-24h"": 21, "">24h"": 7}",2026-07-07 07:31:20.40165+05:30,2026-07-11 10:30:06.887573+05:30
4,site_1369,88223,50.22,183.8,88223,1356.5,126.63250366032212,4372.675200000001,1356.5,66,"{""0-15m"": 86773, ""15m-1h"": 480, ""1h-6h"": 195, ""6h-24h"": 1, "">24h"": 7}",2026-07-07 07:31:21.058857+05:30,2026-07-11 10:30:08.023112+05:30
6,site_1256,2848,64.58,14.83,2848,354.75,10695,195.5184,354.75,2,"{""0-15m"": 1559, ""15m-1h"": 0, ""1h-6h"": 1, ""6h-24h"": 0, "">24h"": 1}",2026-07-07 07:31:23.332464+05:30,2026-07-11 10:30:16.432163+05:30
7,site_1376,83001,47.25,172.92,83001,1464.25,104,4633.5599999999995,1464.25,39,"{""0-15m"": 92588, ""15m-1h"": 80, ""1h-6h"": 8, ""6h-24h"": 0, "">24h"": 2}",2026-07-07 07:31:23.424324+05:30,2026-07-11 10:30:16.543333+05:30
9,site_1756,124116,70.65,258.57,124116,2904.25,54.803646563814866,2578.1040000000003,2904.25,54,"{""0-15m"": 49419, ""15m-1h"": 2078, ""1h-6h"": 36, ""6h-24h"": 16, "">24h"": 9}",2026-07-07 07:31:25.570699+05:30,2026-07-11 10:30:21.869056+05:30
10,site_1221,6246,8.94,32.53,6246,95,191.10902255639098,7955.0016000000005,95,128,"{""0-15m"": 63321, ""15m-1h"": 159, ""1h-6h"": 84, ""6h-24h"": 17, "">24h"": 6}",2026-07-07 07:31:26.301106+05:30,2026-07-11 10:30:32.34121+05:30
11,site_1581,65392,99.58,340.58,65392,3575.25,54508.333333333336,34.4736,3575.25,16,"{""0-15m"": 264, ""15m-1h"": 1, ""1h-6h"": 0, ""6h-24h"": 1, "">24h"": 7}",2026-07-07 07:31:27.064733+05:30,2026-07-11 10:30:34.780019+05:30
12,site_1264,26540,37.77,138.23,26540,2040.25,1966.4705882352941,5466.2832,2040.25,36,"{""0-15m"": 43629, ""15m-1h"": 69, ""1h-6h"": 28, ""6h-24h"": 3, "">24h"": 2}",2026-07-07 07:31:27.14126+05:30,2026-07-11 10:30:34.862455+05:30
13,site_1909,9162,55.91,47.72,9162,573.5,527.7985074626865,910.0176,573.5,60,"{""0-15m"": 7089, ""15m-1h"": 89, ""1h-6h"": 33, ""6h-24h"": 9, "">24h"": 3}",2026-07-07 07:31:27.709351+05:30,2026-07-11 10:30:35.857255+05:30
14,site_1668,88249,50.23,183.85,88249,744.5,47.008046817849305,4371.7968,744.5,45,"{""0-15m"": 86063, ""15m-1h"": 1356, ""1h-6h"": 7, ""6h-24h"": 3, "">24h"": 1}",2026-07-07 07:31:27.886428+05:30,2026-07-11 10:30:36.051303+05:30
15,site_1257,8086,11.51,42.11,8086,366.75,2771.590909090909,7772.9616,366.75,22,"{""0-15m"": 62163, ""15m-1h"": 8, ""1h-6h"": 9, ""6h-24h"": 0, "">24h"": 5}",2026-07-07 07:31:29.162122+05:30,2026-07-11 10:30:37.927944+05:30
20,site_1284,25208,37.48,131.29,25208,1166.25,2092.5824175824177,5266.6848,1166.25,72,"{""0-15m"": 41956, ""15m-1h"": 42, ""1h-6h"": 28, ""6h-24h"": 14, "">24h"": 7}",2026-07-07 07:31:32.505754+05:30,2026-07-11 10:30:53.709261+05:30
22,site_1789,134115,95.43,349.26,134115,3118,2027.5,401.4288,3118,105,"{""0-15m"": 6212, ""15m-1h"": 114, ""1h-6h"": 57, ""6h-24h"": 21, "">24h"": 24}",2026-07-07 07:31:33.505543+05:30,2026-07-11 10:30:55.041924+05:30
23,site_1285,9870,14.05,51.41,9870,900.25,964.0384615384615,7549.848,900.25,50,"{""0-15m"": 60323, ""15m-1h"": 43, ""1h-6h"": 26, ""6h-24h"": 5, "">24h"": 4}",2026-07-07 07:31:33.728433+05:30,2026-07-11 10:30:57.580068+05:30
25,site_887,86655,49.33,180.53,86655,744.25,132.53246753246754,4450.852800000001,744.25,187,"{""0-15m"": 88793, ""15m-1h"": 148, ""1h-6h"": 65, ""6h-24h"": 15, "">24h"": 3}",2026-07-07 07:31:35.11955+05:30,2026-07-11 10:31:02.707228+05:30
26,site_1259,19703,70.85,102.62,19703,1364.5,7139.25,1014.42,1364.5,8,"{""0-15m"": 8086, ""15m-1h"": 10, ""1h-6h"": 6, ""6h-24h"": 0, "">24h"": 4}",2026-07-07 07:31:36.445498+05:30,2026-07-11 10:31:04.541999+05:30
29,site_1281,26972,38.38,140.48,26972,1202.75,1068.59375,5412.7008,1202.75,244,"{""0-15m"": 43107, ""15m-1h"": 49, ""1h-6h"": 48, ""6h-24h"": 74, "">24h"": 21}",2026-07-07 07:31:37.566097+05:30,2026-07-11 10:31:11.156063+05:30
31,site_2070,1066,65.6,2.22,1066,24,654,33.024,24,20,"{""0-15m"": 553, ""15m-1h"": 1, ""1h-6h"": 1, ""6h-24h"": 3, "">24h"": 0}",2026-07-07 07:31:39.048665+05:30,2026-07-11 10:31:21.109294+05:30
32,site_1321,117402,66.83,244.59,117402,1450.75,472.21875,2913.6528,1450.75,315,"{""0-15m"": 57957, ""15m-1h"": 161, ""1h-6h"": 74, ""6h-24h"": 53, "">24h"": 32}",2026-07-07 07:31:39.207542+05:30,2026-07-11 10:31:22.83455+05:30
5,site_1167,21590,73.84,224.9,21590,1322,4333,1914.912,1322,69,"{""0-15m"": 7574, ""15m-1h"": 3, ""1h-6h"": 15, ""6h-24h"": 18, "">24h"": 39}",2026-07-07 07:31:22.264436+05:30,2026-07-11 13:09:06.732381+05:30
18,site_1138,3558,10.34,37.06,3558,255.25,340.4268292682927,7725.1056,255.25,41,"{""0-15m"": 30674, ""15m-1h"": 94, ""1h-6h"": 52, ""6h-24h"": 12, "">24h"": 6}",2026-07-07 07:31:30.937051+05:30,2026-07-11 13:09:18.35084+05:30
19,site_1203,3761,10.7,39.18,3761,326,305.79896907216494,7844.112,326,29,"{""0-15m"": 31180, ""15m-1h"": 141, ""1h-6h"": 42, ""6h-24h"": 5, "">24h"": 6}",2026-07-07 07:31:31.763014+05:30,2026-07-11 13:09:19.070142+05:30
30,site_1200,1408,4.06,14.67,1408,157,1335,8335.2672,157,10,"{""0-15m"": 33286, ""15m-1h"": 3, ""1h-6h"": 9, ""6h-24h"": 0, "">24h"": 4}",2026-07-07 07:31:38.240238+05:30,2026-07-11 13:09:26.951978+05:30
70,site_1561,2216,6.31,23.08,2216,244.75,1970.2941176470588,8229.729599999999,244.75,8,"{""0-15m"": 32902, ""15m-1h"": 7, ""1h-6h"": 6, ""6h-24h"": 0, "">24h"": 4}",2026-07-11 10:32:02.723149+05:30,2026-07-11 10:32:02.723149+05:30
1,site_1131,4088,11.63,42.58,4088,220.5,517.6229508196722,7762.420800000001,220.5,57,"{""0-15m"": 30925, ""15m-1h"": 45, ""1h-6h"": 53, ""6h-24h"": 14, "">24h"": 10}",2026-07-07 07:31:05.682015+05:30,2026-07-11 13:09:06.90902+05:30
