id,factory_id,parameter,minimum,maximum,mean,median,mode_value,variance,standard_deviation,iqr,p5,p25,p75,p95,skewness,kurtosis,outlier_count,outlier_percentage,created_at,updated_at
1520,site_1799,ETP-pH,3.15,16.22,7.462112680486961,7.91,7.91,2.4766781689382644,1.5737465389757859,1.6099999999999994,4.05,6.9,8.51,9.17,-0.40031508319328574,2.1131857070745177,2540,7.99,2026-07-12 17:56:03.723946+05:30,2026-07-12 17:56:03.723946+05:30
1521,site_1799,ETP-COD,21,64.76,34.16931737422854,32.3,31.81,72.50750918429323,8.515134126030736,11.380000000000003,22.4,27.29,38.67,51.45,0.6693665184553939,-0.08951185525867977,110,1.03,2026-07-12 17:56:03.723946+05:30,2026-07-12 17:56:03.723946+05:30
1522,site_1799,ETP-BOD,2.1,6.47,3.4155152421918835,3.23,3.18,0.7233068179367423,0.8504744663637718,1.1600000000000001,2.24,2.71,3.87,5.13,0.6613470871707974,-0.10910421958257288,82,0.77,2026-07-12 17:56:03.723946+05:30,2026-07-12 17:56:03.723946+05:30
1523,site_1799,ETP-TSS,0,25.54,0.10726575649897138,0,0,0.9515548018253255,0.975476704911668,0,0,0,0,0.15,14.762843114899379,264.4939099751482,1736,16.23,2026-07-12 17:56:03.723946+05:30,2026-07-12 17:56:03.723946+05:30
1524,site_1799,ETP-Flow,0,0.21,0.0003431830933233589,0,0,2.1960026000327593e-05,0.004686152579710523,0,0,0,0,0,21.58911428983386,633.2775541799466,99,0.93,2026-07-12 17:56:03.723946+05:30,2026-07-12 17:56:03.723946+05:30
1525,site_1232,ETP-pH,6.45,8.98,8.369936406436652,8.41,8.51,0.079265518406846,0.28154132628593975,0.46000000000000085,7.9,8.12,8.58,8.79,-0.2382089072909469,-0.910844178753492,2,0.01,2026-07-12 17:56:06.337475+05:30,2026-07-12 17:56:06.337475+05:30
1526,site_1232,ETP-Flow,-2.36,-2.36,-2.3600000000000003,-2.36,-2.36,1.9721522630525295e-31,4.440892098500626e-16,0,-2.36,-2.36,-2.36,-2.36,NaN,NaN,0,0,2026-07-12 17:56:06.337475+05:30,2026-07-12 17:56:06.337475+05:30
1527,site_1369,ETP-pH,6.31,21.15,6.814043318893702,6.99,6.99,0.08095749362497294,0.2845303035266594,0.45999999999999996,6.53,6.53,6.99,6.99,15.639471275817161,730.332990809888,26,0.09,2026-07-12 17:56:07.671605+05:30,2026-07-12 17:56:07.671605+05:30
1528,site_1369,ETP-COD,25.8,89.41,65.09198256176043,44.33,44.32,503.4282119091832,22.43720597376561,44.93999999999999,44.07,44.27,89.21,89.37,0.1455137291674326,-1.9767682388844163,0,0,2026-07-12 17:56:07.671605+05:30,2026-07-12 17:56:07.671605+05:30
1529,site_1369,ETP-BOD,13.2,25.85,19.163113522537564,13.51,25.85,37.88068042840368,6.154728298503816,12.32,13.39,13.48,25.8,25.85,0.15484034503006125,-1.9758671963277585,0,0,2026-07-12 17:56:07.671605+05:30,2026-07-12 17:56:07.671605+05:30
1530,site_1369,ETP-TSS,1.8,21.27,10.889110096187116,2.08,2.03,91.2077704903354,9.550275937915899,19.119999999999997,1.89,2.03,21.15,21.24,0.14493453681223695,-1.9781746166035776,0,0,2026-07-12 17:56:07.671605+05:30,2026-07-12 17:56:07.671605+05:30
1531,site_1369,ETP-Flow,0,44.05,0.24339614651704422,0,0,6.007554504723664,2.4510313145130693,0,0,0,0,0,16.374839835391224,286.42411273583264,522,3.68,2026-07-12 17:56:07.671605+05:30,2026-07-12 17:56:07.671605+05:30
1532,site_1167,ETP-Flow,0,0,0,0,0,0,0,0,0,0,0,0,0,0,0,0,2026-07-12 17:56:09.866227+05:30,2026-07-12 17:56:09.866227+05:30
1533,site_1131,ETP-Flow,0,4.32,0.0011443571244524608,0,0,0.0024731525699358474,0.04973080101844175,0,0,0,0,0,65.04042840513404,4783.9339060435805,146,0.47,2026-07-12 17:56:10.010378+05:30,2026-07-12 17:56:10.010378+05:30
1534,site_1256,ETP-pH,3.93,7.46,5.279065300896287,4.7,4.4,1.2255045040584562,1.1070250692999035,2.4799999999999995,4.35,4.41,6.89,7.17,0.8708778222481953,-0.9985332734885239,0,0,2026-07-12 17:56:10.751971+05:30,2026-07-12 17:56:10.751971+05:30
1535,site_1256,ETP-Flow,0,1,0.46877080665813065,0.01,0,0.24254880918616106,0.4924924458163405,1,0,0,1,1,0.1281348534702861,-1.9654623179115567,0,0,2026-07-12 17:56:10.751971+05:30,2026-07-12 17:56:10.751971+05:30
1536,site_1376,ETP-pH,0.59,15.52,7.402610253742559,6.38,6.38,1.3893472181342696,1.1787057385684816,2.4300000000000006,6.15,6.38,8.81,8.88,0.24472622428737903,-1.7724555001686837,2,0.01,2026-07-12 17:56:10.833192+05:30,2026-07-12 17:56:10.833192+05:30
1537,site_1376,ETP-BOD,2.21,25.13,8.94490158816343,2.33,2.31,81.78751365598633,9.043644931994308,12.46,2.25,2.3,14.76,25.03,0.9210051120314169,-0.7952281869218845,0,0,2026-07-12 17:56:10.833192+05:30,2026-07-12 17:56:10.833192+05:30
1538,site_1376,ETP-TSS,0.11,1.14,0.5867605538210942,0.6,0.63,0.00928311939961184,0.09634894602231951,0.10999999999999999,0.44,0.53,0.64,0.68,0.6278297057285938,5.05691411952815,462,3.14,2026-07-12 17:56:10.833192+05:30,2026-07-12 17:56:10.833192+05:30
1539,site_1376,ETP-Flow,0,34.06,2.451064504504505,0,0,40.23551431908242,6.3431470359027955,0,0,0,0,19.92,2.6741657082542796,6.117261746375416,2451,17.66,2026-07-12 17:56:10.833192+05:30,2026-07-12 17:56:10.833192+05:30
1540,site_1376,ETP-COD,3.06,176.3,53.665037328627655,3.25,3.22,4730.143813324927,68.77604098321542,94.85,3.12,3.22,98.07,176.11,0.9261409442256293,-0.7871896442034392,0,0,2026-07-12 17:56:10.833192+05:30,2026-07-12 17:56:10.833192+05:30
1541,site_1787,ETP-Flow,0,15.2,5.204046134480841,5.66,0.04,8.985384577245751,2.9975631064659427,4.300000000000001,0.05,3.19,7.49,9.41,-0.3196241182932937,-0.7902585457889097,7,0.02,2026-07-12 17:56:13.142455+05:30,2026-07-12 17:56:13.142455+05:30
1542,site_1756,ETP-TSS,23.01,25.43,24.158807239819,24.73,23.01,1.0539037899928327,1.026598163836675,2.129999999999999,23.01,23.01,25.14,25.31,-0.1431980959212316,-1.8610703798869723,0,0,2026-07-12 17:56:14.118454+05:30,2026-07-12 17:56:14.118454+05:30
1543,site_1756,ETP-BOD,19.08,25.81,22.723958371040723,23.26,20.95,2.8598558788100172,1.691110841668877,3.6000000000000014,20.95,20.95,24.55,25.12,0.08857895101248915,-1.6266481120928706,0,0,2026-07-12 17:56:14.118454+05:30,2026-07-12 17:56:14.118454+05:30
1544,site_1756,ETP-Flow,0,6.58,1.3706208144796381,0,0,3.278865768435536,1.810763863245436,3.33,0,0,3.33,4.32,0.8562879261632215,-0.6092924052652808,0,0,2026-07-12 17:56:14.118454+05:30,2026-07-12 17:56:14.118454+05:30
1545,site_1756,ETP-COD,76.24,100.82,83.60830045248869,85.66,78.24,25.365994812895746,5.036466500722083,10.320000000000007,78.24,78.24,88.56,90.44600000000001,0.054037445836377415,-1.5450057464501321,0,0,2026-07-12 17:56:14.118454+05:30,2026-07-12 17:56:14.118454+05:30
1546,site_1756,ETP-pH,5.48,7.31,7.018647951390068,7.03,7.03,0.009991026440268376,0.09995512213122636,0.11999999999999922,6.91,6.94,7.06,7.25,0.8530258612579272,3.2472508614067044,2305,7.82,2026-07-12 17:56:14.118454+05:30,2026-07-12 17:56:14.118454+05:30
1547,site_1221,ETP-pH,0.26,9.58,7.416948480845442,7.47,8,0.3218772706048822,0.5673422869880952,0.9199999999999999,6.36,7.08,8,8,-0.8566966210550316,1.9079873543802623,260,0.82,2026-07-12 17:56:15.611489+05:30,2026-07-12 17:56:15.611489+05:30
1548,site_1221,ETP-Flow,0,19185.73,5.0444033465433735,0,0,31075.093003073893,176.28128942991623,0,0,0,0,2.1434999999999853,62.2086576196334,5322.558544939512,2716,8.54,2026-07-12 17:56:15.611489+05:30,2026-07-12 17:56:15.611489+05:30
1549,site_1581,ETP-Flow,-1,0,-0.072992700729927,0,0,0.0676647663700783,0.26012452089351035,0,-1,0,0,0,-3.283099169607936,8.77874015748032,10,7.3,2026-07-12 17:56:17.178209+05:30,2026-07-12 17:56:17.178209+05:30
1550,site_1581,ETP-pH,-1,8.97,8.355474452554745,8.61,8.66,0.9927488624860143,0.9963678349314646,0.1999999999999993,6.91,8.49,8.69,8.797999999999998,-6.538029601216884,54.789407188408006,16,11.68,2026-07-12 17:56:17.178209+05:30,2026-07-12 17:56:17.178209+05:30
1551,site_1264,ETP-pH,0,10,7.71073676026708,7.71,7.71,0.035970466971192605,0.18965881727774378,0.1999999999999993,7.47,7.61,7.81,7.93,-7.8263798172640415,387.45442711882765,446,2.04,2026-07-12 17:56:17.237659+05:30,2026-07-12 17:56:17.237659+05:30
1552,site_1264,ETP-Flow,0,3.15,0.004941004298911552,0,0,0.004346015453011324,0.06592431609816915,0,0,0,0,0,19.92454986959453,604.2540008900035,176,0.8,2026-07-12 17:56:17.237659+05:30,2026-07-12 17:56:17.237659+05:30
1553,site_1909,ETP-Flow,-1,0.05,-0.00026301218161683276,0,0,0.00027747788993008415,0.016657667601740773,0,0,0,0,0,-59.84277725328378,3589.041185972745,2,0.06,2026-07-12 17:56:18.197989+05:30,2026-07-12 17:56:18.197989+05:30
1554,site_1909,ETP-pH,-2.67,9.24,7.82625415282392,7.87,7.59,0.2606688313088891,0.5105573731804185,0.8300000000000001,7.12,7.42,8.25,8.46,-2.2871592962843548,48.19339123913437,1,0.03,2026-07-12 17:56:18.197989+05:30,2026-07-12 17:56:18.197989+05:30
1555,site_1668,ETP-TSS,0,63.7,4.770142722596537,0,0,46.472545781267584,6.817077510287497,10.28,0,0,10.28,17.697999999999993,1.9278436223705144,7.353202457650639,91,0.66,2026-07-12 17:56:18.344816+05:30,2026-07-12 17:56:18.344816+05:30
1556,site_1668,ETP-Flow,0,110.54,5.916123306527567,0,0,364.52051018315825,19.092420228539865,0,0,0,0,42.37799999999999,3.5952068793545675,12.839604363088139,1543,11.18,2026-07-12 17:56:18.344816+05:30,2026-07-12 17:56:18.344816+05:30
1557,site_1668,ETP-pH,3.96,9.93,7.72874235699432,7.85,8.11,0.47572174308033793,0.6897258463189109,0.7299999999999995,6.51,7.44,8.17,8.53,-1.6135162571100272,4.393031442808577,1499,4.65,2026-07-12 17:56:18.344816+05:30,2026-07-12 17:56:18.344816+05:30
1558,site_1668,ETP-COD,0,138.38,51.789266101572125,61.1,0,2628.091376517106,51.26491369852393,84.27,0,0,84.27,127.02,0.22014931102445776,-1.5463927460158917,0,0,2026-07-12 17:56:18.344816+05:30,2026-07-12 17:56:18.344816+05:30
1559,site_1668,ETP-BOD,0,68.5,19.944964138230816,17.34,0,613.229622912211,24.763473563137524,21,0,0,21,68.5,1.0686463789756142,-0.3501707609392697,2779,20.13,2026-07-12 17:56:18.344816+05:30,2026-07-12 17:56:18.344816+05:30
1560,site_1257,ETP-pH,0,10.94,7.337958061299971,7.31,7.22,0.3755273295375787,0.6128028472009401,0.8999999999999995,6.4,6.9,7.8,8.29,-0.29034606650989264,1.4542889211675298,139,0.45,2026-07-12 17:56:20.338718+05:30,2026-07-12 17:56:20.338718+05:30
1561,site_1257,ETP-Flow,-6.52,1.99,0.10173190107098062,0.04,0.03,0.17792855102844135,0.4218157785437161,0.010000000000000002,0.03,0.03,0.04,1.14,-6.481056345497189,124.03947794314526,2693,8.66,2026-07-12 17:56:20.338718+05:30,2026-07-12 17:56:20.338718+05:30
1562,site_1310,ETP-Flow,0,0.51,0.23813482335976932,0.27,0.27,0.008412317799590287,0.09171868838786502,0.030000000000000027,0,0.25,0.28,0.32,-1.7900934178554302,2.4235336354357813,5426,19.56,2026-07-12 17:56:21.855601+05:30,2026-07-12 17:56:21.855601+05:30
1563,site_982,ETP-COD,157.16,176.77,172.17596836555362,173.61,175.65,34.385568666837614,5.863920929449647,2.039999999999992,157.66,173.61,175.65,176.77,-1.807117578428097,1.7192107175452858,465,16.34,2026-07-12 17:56:22.461224+05:30,2026-07-12 17:56:22.461224+05:30
1564,site_982,ETP-BOD,22.25,25.12,24.39125483304042,24.5,24.95,0.7458755079950949,0.8636408443300345,0.4499999999999993,22.25,24.5,24.95,25.12,-1.7776591001572033,1.73115276099698,464,16.31,2026-07-12 17:56:22.461224+05:30,2026-07-12 17:56:22.461224+05:30
1565,site_982,ETP-TSS,50.25,54.5,53.30860105448155,53.75,52.75,0.702268904111366,0.8380148591232532,1,52.5,52.75,53.75,54.25,-1.3240126900097078,3.0849786742735494,90,3.16,2026-07-12 17:56:22.461224+05:30,2026-07-12 17:56:22.461224+05:30
1566,site_982,ETP-Flow,0,1.64,0.005806678383128295,0,0,0.004898725368404471,0.06999089489643971,0,0,0,0,0,13.725820574486594,214.23178002347254,22,0.77,2026-07-12 17:56:22.461224+05:30,2026-07-12 17:56:22.461224+05:30
1567,site_1138,ETP-Flow,0,2.23,0.001697850124841921,0,0,0.003703897680452131,0.060859655605763424,0,0,0,0,0,35.84187428960072,1283.4927344654193,24,0.08,2026-07-12 17:56:22.719342+05:30,2026-07-12 17:56:22.719342+05:30
1568,site_1203,ETP-Flow,0,104.93,0.004253067729083665,0,0,0.37681458073760116,0.6138522466665746,0,0,0,0,0,162.36525744211298,27352.746216028314,2,0.01,2026-07-12 17:56:23.408618+05:30,2026-07-12 17:56:23.408618+05:30
1569,site_1284,ETP-Flow,0,0,0,0,0,0,0,0,0,0,0,0,0,0,0,0,2026-07-12 17:56:24.040299+05:30,2026-07-12 17:56:24.040299+05:30
1570,site_1284,ETP-pH,0,10.52,7.446164859208523,7.49,7.59,0.6178837838945007,0.7860558401885331,0.2599999999999998,6.69,7.36,7.62,8.34,-6.019426076635056,55.06487312099809,2949,14.03,2026-07-12 17:56:24.040299+05:30,2026-07-12 17:56:24.040299+05:30
1571,site_1905,ETP-Flow,0,324.21,0.18932051770079938,0,0,7.5097584965578354,2.7403938579258704,0,0,0,0,0,105.10856539515615,12397.732704182123,763,4.84,2026-07-12 17:56:24.977309+05:30,2026-07-12 17:56:24.977309+05:30
1572,site_1789,ETP-TSS,28.8,273.4,79.2054945054945,45.75,45.79,5062.55520057964,71.15163526286406,36.61,29.15,44.64,81.25,271.44,1.9043982680123923,2.3124969556839385,16,17.58,2026-07-12 17:56:25.341659+05:30,2026-07-12 17:56:25.341659+05:30
1573,site_1789,ETP-COD,215,1060,391.0448351648352,291.1,290.73,48646.110548049764,220.55863290302142,84.08000000000004,233.9,285.02,369.1,996.375,2.0419906812911073,2.895739387199895,16,17.58,2026-07-12 17:56:25.341659+05:30,2026-07-12 17:56:25.341659+05:30
1574,site_1789,ETP-pH,4,13.3,7.179267381416504,7,8,0.45937975891653476,0.6777755962828219,0.8600000000000003,6,6.89,7.75,8.09,-0.17817306096006896,2.293444949596811,116,1.88,2026-07-12 17:56:25.341659+05:30,2026-07-12 17:56:25.341659+05:30
1575,site_1789,ETP-BOD,2.9,23.8,18.116153846153846,18.15,18.1,20.417441251056637,4.518566282689304,1.3200000000000003,5.734999999999999,18.1,19.42,23.4,-1.9053933227256634,3.8510641070602185,26,28.57,2026-07-12 17:56:25.341659+05:30,2026-07-12 17:56:25.341659+05:30
1576,site_1285,ETP-pH,0,19.95,5.68002384027019,6.97,0,9.484633336076124,3.079713190554621,1.0899999999999999,0,6.32,7.41,8.44,-1.168831279148016,-0.2046447734513146,7145,23.66,2026-07-12 17:56:25.484122+05:30,2026-07-12 17:56:25.484122+05:30
1577,site_1285,ETP-Flow,0,7.04,0.053133008840766854,0,0,0.1647134119632955,0.405849001431931,0,0,0,0,0,9.28340782161794,95.32058802602315,1394,4.62,2026-07-12 17:56:25.484122+05:30,2026-07-12 17:56:25.484122+05:30
1578,site_1280,ETP-Flow,-0.16,5.82,0.08376035841810955,0.04,0.04,0.11022236512799928,0.3319975378342425,0.03,0.01,0.03,0.06,0.09,9.364641747572769,95.5719997671819,1160,3.91,2026-07-12 17:56:26.995776+05:30,2026-07-12 17:56:26.995776+05:30
1579,site_887,ETP-pH,0,11,7.410470203444758,7.4,7.4,0.13732906835239814,0.3705793684926323,0.33999999999999986,6.98,7.26,7.6,7.9,-2.500148411205368,103.28261868273472,551,1.65,2026-07-12 17:56:27.617845+05:30,2026-07-12 17:56:27.617845+05:30
1580,site_887,ETP-COD,0,385.38,73.91965148031043,76.35,40.03,437.5207327399885,20.91699626476011,23.689999999999998,40.03,62.33,86.02,97.71249999999999,1.3212596229049391,15.40458319269495,236,1.7,2026-07-12 17:56:27.617845+05:30,2026-07-12 17:56:27.617845+05:30
1581,site_887,ETP-Flow,0,14.22,6.064309094824492,7.94,0,17.15107557426155,4.141385707014206,8.860000000000001,0,0.52,9.38,10.68,-0.5294791402040154,-1.4110843876956882,0,0,2026-07-12 17:56:27.617845+05:30,2026-07-12 17:56:27.617845+05:30
1582,site_887,ETP-TSS,0,152.94,36.638880827526755,39.76,10,141.40533024662687,11.891397321031153,11.519999999999996,12.06,32.78,44.3,49.67,-0.18751552496540858,3.5652223332115653,1286,9.24,2026-07-12 17:56:27.617845+05:30,2026-07-12 17:56:27.617845+05:30
1583,site_887,ETP-BOD,10.42,15.58,13.23071710573541,13.4,14.11,0.7708852010705408,0.8780006839806794,1.2700000000000014,11.53,12.62,13.89,14.39,-0.5221497355455513,-0.46824855517080044,3,0.02,2026-07-12 17:56:27.617845+05:30,2026-07-12 17:56:27.617845+05:30
1584,site_1259,ETP-Flow,-1,2.71,-0.5960485701316387,-1,-1,0.24358086827190012,0.49353912537092753,1,-1,-1,0,0,0.4593747378829188,-1.3869329548972642,1,0.02,2026-07-12 17:56:29.588345+05:30,2026-07-12 17:56:29.588345+05:30
1585,site_1259,ETP-pH,-3.49,7.99,7.192399351526614,7.7,7.7,1.124703672996067,1.0605204726906818,0.019999999999999574,4.84,7.69,7.71,7.73,-1.8087699285895704,3.2634156350252024,746,20.16,2026-07-12 17:56:29.588345+05:30,2026-07-12 17:56:29.588345+05:30
1586,site_1569,ETP-Flow,0,0,0,0,0,0,0,0,0,0,0,0,0,0,0,0,2026-07-12 17:56:29.819102+05:30,2026-07-12 17:56:29.819102+05:30
1587,site_1247,ETP-Flow,0,11.81,0.03861534905224225,0,0,0.30119107858086525,0.5488087814356338,0,0,0,0,0,15.561739716495536,253.5577326740373,166,0.64,2026-07-12 17:56:29.98424+05:30,2026-07-12 17:56:29.98424+05:30
1588,site_1281,ETP-Flow,-1,14.07,-0.11669884526558892,0,0,0.8702000631164497,0.9328451442315867,1,-1,-1,0,1.24,3.0373180109057745,18.252850480492633,898,4.15,2026-07-12 17:56:30.750097+05:30,2026-07-12 17:56:30.750097+05:30
1589,site_1281,ETP-pH,-3.52,39.88,3.535078060046189,6.71,-3.52,28.84147714171263,5.370426160158301,11.11,-3.52,-3.52,7.59,9.33,-0.46038681059247416,-1.437454010876618,2,0.01,2026-07-12 17:56:30.750097+05:30,2026-07-12 17:56:30.750097+05:30
1590,site_1200,ETP-Flow,0,16.63,0.33366783773233644,0,0,2.2260720858067136,1.492002709718288,0,0,0,0,1.7989999999999782,5.130966300697883,27.325429652645912,2649,7.95,2026-07-12 17:56:31.968368+05:30,2026-07-12 17:56:31.968368+05:30
1591,site_2070,ETP-TSS,0,1.2,0.05357142857142857,0,0,0.061415816326530606,0.24782214656186521,0,0,0,0,0,4.409844551904589,17.446728971962614,5,4.46,2026-07-12 17:56:32.92664+05:30,2026-07-12 17:56:32.92664+05:30
1592,site_2070,ETP-BOD,0,1.82,1.7257142857142858,1.82,1.82,0.15801734693877548,0.3975139581684843,0,1.1630000000000011,1.82,1.82,1.82,-4.002045852295146,14.103861522932252,6,5.36,2026-07-12 17:56:32.92664+05:30,2026-07-12 17:56:32.92664+05:30
1593,site_2070,ETP-pH,0,6.52,5.885446428571426,6.52,6.52,3.7005640864158167,1.9236850278608026,0,0,6.52,6.52,6.52,-2.704546673948011,5.323352046619361,11,9.82,2026-07-12 17:56:32.92664+05:30,2026-07-12 17:56:32.92664+05:30
1594,site_2070,ETP-COD,0,3.65,3.4609821428571417,3.65,3.65,0.6351552853954081,0.7969663012922241,0,2.336000000000002,3.65,3.65,3.65,-4.002843818123159,14.111879458584596,6,5.36,2026-07-12 17:56:32.92664+05:30,2026-07-12 17:56:32.92664+05:30
1595,site_2070,ETP-Flow,0,0,0,0,0,0,0,0,0,0,0,0,0,0,0,0,2026-07-12 17:56:32.92664+05:30,2026-07-12 17:56:32.92664+05:30
1596,site_1321,ETP-pH,0,6.84,6.546817823654559,6.75,6.78,1.1802274397453543,1.0863827317043264,0.1200000000000001,6.59,6.66,6.78,6.81,-5.832740099800682,32.18433586083994,765,3.01,2026-07-12 17:56:33.00884+05:30,2026-07-12 17:56:33.00884+05:30
1597,site_1321,ETP-Flow,0,12.69,0.022648346303501946,0,0,0.13013165357703185,0.36073765200909075,0,0,0,0,0,21.859004918764025,574.2612860663572,52,0.63,2026-07-12 17:56:33.00884+05:30,2026-07-12 17:56:33.00884+05:30
1598,site_1321,ETP-TSS,0,67.57,37.88875851167315,36.635,21.59,231.63945374810362,15.219706099268265,27.839999999999996,19.4,22.04,49.879999999999995,62.35849999999999,0.26971396605437215,-1.2653931329747117,0,0,2026-07-12 17:56:33.00884+05:30,2026-07-12 17:56:33.00884+05:30
1599,site_1321,ETP-COD,0,244.07,74.9838642996109,74.395,36.62,1371.7189929222468,37.036724921653736,60.050000000000004,35.11,39.9,99.95,138.36199999999994,1.0485574014743315,1.4627697270517768,117,1.42,2026-07-12 17:56:33.00884+05:30,2026-07-12 17:56:33.00884+05:30
1600,site_1321,ETP-BOD,0,65.55,21.02753647859922,22.03,14.76,43.75517943689888,6.614769794701768,11.5,10.6,15.27,26.77,30.248499999999993,-0.07586157837323347,-0.5624894793992845,6,0.07,2026-07-12 17:56:33.00884+05:30,2026-07-12 17:56:33.00884+05:30
1601,site_1561,ETP-pH,0,10.74,7.157816221142163,7.3,7.5,1.1139116497004227,1.0554201294747143,0.5,6.7,7,7.5,7.8,-5.841886439997608,36.50945086765892,803,2.44,2026-07-12 17:56:34.485298+05:30,2026-07-12 17:56:34.485298+05:30
