id,factory_id,factory_name,consent_number,consent_type,issue_date,valid_from,valid_until,industry,pdf_path,source_url,downloaded_at,created_at,cto_status
85,site_1561,GRASIM INDUSTRIES LIMITED,MPCB-CONSENT-0000261509,Renewal Of Consent,2026-01-28,2026-01-28,2030-12-31,Chemical,consents\Kalyan\GRASIM_INDUSTRIES_LIMITED\CTO_MPCB-CONSENT-0000261509.pdf,https://blockchain.ecmpcb.in/docs/18c726aeff37a2705ae6b833640985dd0e8a58b61509933508efa43699bb657a,2026-07-12 09:38:41.841124+05:30,2026-07-12 09:38:41.841124+05:30,EXTRACTED
96,site_1131,RUPA ORGANICS PVT LTD. Taloja,MPCB-CONSENT-0000284643,Cto,2026-04-08,2026-04-08,2033-06-30,Chemical,consents\Taloja\RUPA_ORGANICS_PVT_LTD__Taloja\CTO_MPCB-CONSENT-0000284643.pdf,https://www.ecmpcb.in/cms,2026-07-12 11:03:30.139407+05:30,2026-07-12 11:03:30.139407+05:30,EXTRACTED
100,site_1167,Super Petroleum Products Private Limited,ESTIMATED_PROXY_site_1167,,,,,,,,2026-07-12 11:17:04.518296+05:30,2026-07-12 11:17:04.518296+05:30,ESTIMATED_PROXY
101,site_1203,Anmol Chemicals Pvt. Ltd,ESTIMATED_PROXY_site_1203,,,,,,,,2026-07-12 11:17:04.518296+05:30,2026-07-12 11:17:04.518296+05:30,ESTIMATED_PROXY
102,site_1280,EKVIRA FINE CHEM PVT LTD,ESTIMATED_PROXY_site_1280,,,,,,,,2026-07-12 11:17:04.518296+05:30,2026-07-12 11:17:04.518296+05:30,ESTIMATED_PROXY
103,site_1232,M/s.Altaroma Chemicals Pvt Ltd,ESTIMATED_PROXY_site_1232,,,,,,,,2026-07-12 11:17:04.518296+05:30,2026-07-12 11:17:04.518296+05:30,ESTIMATED_PROXY
104,site_1285,VVL Pharma Pvt Ltd,ESTIMATED_PROXY_site_1285,,,,,,,,2026-07-12 11:17:04.518296+05:30,2026-07-12 11:17:04.518296+05:30,ESTIMATED_PROXY
105,site_1259,EUROCHEM INDUSTRIES,ESTIMATED_PROXY_site_1259,,,,,,,,2026-07-12 11:17:04.518296+05:30,2026-07-12 11:17:04.518296+05:30,ESTIMATED_PROXY
106,site_1581,M/s Memba Chem Industries Private Limited,ESTIMATED_PROXY_site_1581,,,,,,,,2026-07-12 11:17:04.518296+05:30,2026-07-12 11:17:04.518296+05:30,ESTIMATED_PROXY
16,site_1257,Dorf Ketal Chemicals India Pvt Ltd,MPCB-CONSENT-0000225195,Consent To Establish,2025-03-08,2025-03-08,2026-03-31,Chemical,consents\Taloja\Dorf_Ketal_Chemicals_India_Pvt_Ltd\CTO_MPCB-CONSENT-0000225195.pdf,https://blockchain.ecmpcb.in/docs/0b8342bb299598ba339c32fe23ea4c7609c10d5c2fd23cc9c15d1ef5e4593f54,2026-07-06 10:36:20.678435+05:30,2026-07-06 10:36:20.678435+05:30,EXTRACTED
20,site_1247,Ducol Organics & Colours Pvt Ltd,MPCB-CONSENT-0000276347,Cto,2026-02-25,2026-02-25,2031-06-30,Chemical,consents\Taloja\Ducol_Organics___Colours_Pvt_Ltd\CTO_MPCB-CONSENT-0000276347.pdf,https://blockchain.ecmpcb.in/docs/f13d267adf4b8c3f5f3a74781042e0e32636218897ecb1a67168553f4d484b1a,2026-07-06 10:52:43.13189+05:30,2026-07-06 10:52:43.13189+05:30,EXTRACTED
28,site_1264,Imagico India Pvt Ltd,MPCB-CONSENT-0000137011,Cto,2022-05-18,2022-05-18,2022-05-18,Chemical,consents\Taloja\Imagico_India_Pvt_Ltd\CTO_MPCB-CONSENT-0000137011.pdf,https://blockchain.ecmpcb.in/docs/8daf37e64f6fd2ba3e57e94e4e5bf0d7fa7b0097b4a1862fb21d29ca510becd0,2026-07-06 11:03:06.477087+05:30,2026-07-06 11:03:06.477087+05:30,EXTRACTED
13,site_1310,Aezis Global Pvt Ltd,MPCB-CONSENT-0000252627,Cto,2025-08-12,2025-08-12,2027-04-30,Chemical,consents\Mahad\Aezis_Global_Pvt_Ltd\CTO_MPCB-CONSENT-0000252627.pdf,https://www.ecmpcb.in/cms,2026-07-05 22:58:52.294917+05:30,2026-07-05 22:58:52.294917+05:30,EXTRACTED
86,site_1787,SHREE HARI CHEMICALS EXPORT LIMITED,MPCB-CONSENT-0000261348,Renewal Of Consent,2025-12-30,2025-12-30,2025-12-31,Chemical,consents\Mahad\SHREE_HARI_CHEMICALS_EXPORT_LIMITED\CTO_MPCB-CONSENT-0000261348.pdf,https://blockchain.ecmpcb.in/docs/af99294d912948d6e13cdcfd8c38adf6c8c571b050cb42edcc23c1bd2ed347fb,2026-07-12 09:41:56.351293+05:30,2026-07-12 09:41:56.351293+05:30,EXTRACTED
88,site_1221,Zirconium Chemicals Pvt. Ltd,MPCB-CONSENT-0000151904,Renewal Of Consent,2023-01-06,2023-01-06,2027-12-31,Chemical,consents\Taloja\Zirconium_Chemicals_Pvt__Ltd\CTO_MPCB-CONSENT-0000151904.pdf,https://blockchain.ecmpcb.in/docs/ffc423a6bf0d762413adedee872385a6fac5bc4241e94a0a3b701a5e04a6789e,2026-07-12 09:56:25.378713+05:30,2026-07-12 09:56:25.378713+05:30,EXTRACTED
87,site_1756,M/s. Aquapharm Chemicals Pvt. Ltd.,MPCB-CONSENT-0000257756,Consent To Operate,2026-03-23,2026-03-23,2029-08-31,Chemical,consents\Mahad\M_s__Aquapharm_Chemicals_Pvt__Ltd\CTO_MPCB-CONSENT-0000257756.pdf,https://www.ecmpcb.in/cms,2026-07-12 09:41:59.655146+05:30,2026-07-12 09:41:59.655146+05:30,EXTRACTED
90,site_1369,M/s.Privi Specialty Chemicals Ltd(Unit-II),MPCB-CONSENT-0000160698,Consent To Operate,2023-08-25,2023-08-25,2028-06-30,Chemical,consents\Mahad\M_s_Privi_Specialty_Chemicals_Ltd_Unit_II\CTO_MPCB-CONSENT-0000160698.pdf,https://blockchain.ecmpcb.in/docs/9916dbe1a8380f09dd7149c5daaac740ac764337250873f44b78d607d558c989,2026-07-12 10:04:49.155158+05:30,2026-07-12 10:04:49.155158+05:30,EXTRACTED
92,site_1284,CORROGARD CHEMICALS,MPCB-CONSENT-0000261159,Cto,2026-02-12,2026-02-12,2026-02-12,Chemical,consents\Taloja\CORROGARD_CHEMICALS\CTO_MPCB-CONSENT-0000261159.pdf,https://blockchain.ecmpcb.in/docs/9f31e73c41e60331520c974483004a07f272c25ee8cc602143c71fca39b86c83,2026-07-12 10:30:12.715926+05:30,2026-07-12 10:30:12.715926+05:30,EXTRACTED
32,site_1668,Nouryon Chemicals India Private Limited,MPCB-CONSENT-0000266425,Renewal Of Consent,2026-02-25,2026-02-25,2026-02-28,Chemical,consents\Mahad\Nouryon_Chemicals_India_Private_Limited\CTO_MPCB-CONSENT-0000266425.pdf,https://blockchain.ecmpcb.in/docs/5b2697bd3606b0a7811eb5a1769aec0e80169f41548723f1fdd9828f31549378,2026-07-06 11:26:04.715802+05:30,2026-07-06 11:26:04.715802+05:30,EXTRACTED
34,site_1789,sudarshan chemical industries ltd Mahad,MPCB-CONSENT-0000165835,Renewal Of Consent,2024-03-28,2024-03-28,2028-04-30,Chemical,consents\Mahad\sudarshan_chemical_industries_ltd_Mahad\CTO_MPCB-CONSENT-0000165835.pdf,https://blockchain.ecmpcb.in/docs/50d4aa2aba852bd4777f86c1bb607c8c302931a4ab7c476b41783d76000559af,2026-07-06 11:44:50.736936+05:30,2026-07-06 11:44:50.736936+05:30,EXTRACTED
15,site_1909,Cyklo Pharma Chem Pvt Ltd,MPCB-CONSENT-0000113656,Consent to Operate,,,2027-09-30,Chemical,consents\Taloja\Cyklo_Pharma_Chem_Pvt_Ltd\CTO_MPCB-CONSENT-0000113656.pdf,https://blockchain.ecmpcb.in/docs/3adcfcf0043cc55deb2f2181b1760cfc8863a73a3d6263030435ce4400b3ad2b,2026-07-06 10:35:36.475611+05:30,2026-07-06 10:35:36.475611+05:30,EXTRACTED
29,site_1281,M/s RAMDEV CHEMI-Pharma PVT LTD,MPCB-CONSENT-0000078247,Consent to Operate,,,2032-09-30,Chemical,consents\Taloja\M_s_RAMDEV_CHEMI_Pharma_PVT_LTD\CTO_MPCB-CONSENT-0000078247.pdf,https://blockchain.ecmpcb.in/docs/100f061ee5cc8ccd0570e03e4e8ee7652b951e612b5458bb36c813b9e50fc36c,2026-07-06 11:06:06.074891+05:30,2026-07-06 11:06:06.074891+05:30,EXTRACTED
18,site_1257,Dorf Ketal Chemicals India Pvt Ltd,MPCB-CONSENT-0000246137,Consent To Operate,2025-07-27,2025-07-27,2026-03-31,Chemical,consents\Taloja\Dorf_Ketal_Chemicals_India_Pvt_Ltd\CTO_MPCB-CONSENT-0000246137.pdf,https://www.ecmpcb.in/cms,2026-07-06 10:51:23.592801+05:30,2026-07-06 10:51:23.592801+05:30,EXTRACTED
19,site_887,Dow Chemical International Pvt Ltd,MPCB-CONSENT-0000265460,Consent To Establish,2025-12-04,2025-12-04,2028-11-30,Chemical,consents\Taloja\Dow_Chemical_International_Pvt_Ltd\CTO_MPCB-CONSENT-0000265460.pdf,https://www.ecmpcb.in/cms,2026-07-06 10:51:25.910988+05:30,2026-07-06 10:51:25.910988+05:30,EXTRACTED
21,site_1799,Privi Speciality Chemicals  Limited  Unit 10,MPCB-CONSENT-0000232068,Consent To Operate,2025-04-18,2025-04-18,2028-02-28,Chemical,consents\Mahad\Privi_Speciality_Chemicals__Limited__Unit_10\CTO_MPCB-CONSENT-0000232068.pdf,https://www.ecmpcb.in/cms,2026-07-06 10:54:20.113774+05:30,2026-07-06 10:54:20.113774+05:30,EXTRACTED
24,site_1138,Nixon Chemicals Ltd,MPCB-CONSENT-0000283848,Cto,2026-04-06,2026-04-06,2032-03-31,Chemical,consents\Taloja\Nixon_Chemicals_Ltd\CTO_MPCB-CONSENT-0000283848.pdf,https://www.ecmpcb.in/cms,2026-07-06 10:54:31.485837+05:30,2026-07-06 10:54:31.485837+05:30,EXTRACTED
93,site_1905,Allnex Resins India Pvt ltd,MPCB-CONSENT-0000170084,Consent To Establish,2023-07-11,2023-07-11,2023-05-05,Chemical,consents\Mahad\Allnex_Resins_India_Pvt_ltd\CTO_MPCB-CONSENT-0000170084.pdf,https://blockchain.ecmpcb.in/docs/1596b94b0ba951cc777440161270a7e0a5b07413b91c8b87788c5e20182a4c1c,2026-07-12 10:33:15.182979+05:30,2026-07-12 10:33:15.182979+05:30,EXTRACTED
94,site_1569,M/s.Galaxy Surfactants Limited,MPCB-CONSENT-0000272198,Consent To Establish,2026-03-15,2026-03-15,2031-02-28,Chemical,consents\Taloja\M_s_Galaxy_Surfactants_Limited\CTO_MPCB-CONSENT-0000272198.pdf,https://blockchain.ecmpcb.in/docs/c09d29a3e0c184259548ff726c835b44ca0b15aecd4cbaa87143697cda8e5134,2026-07-12 10:33:57.424495+05:30,2026-07-12 10:33:57.424495+05:30,EXTRACTED
95,site_2070,Prigiv Specialties Pvt Ltd,MPCB-CONSENT-0000148590,Consent To Establish,2023-01-20,2023-01-20,2023-01-20,Chemical,consents\Mahad\Prigiv_Specialties_Pvt_Ltd\CTO_MPCB-CONSENT-0000148590.pdf,https://blockchain.ecmpcb.in/docs/1dc8bc614c58ad6737eca54296d083b41f30aa51e86e53a4a53f8c4affb4edc2,2026-07-12 10:35:53.577253+05:30,2026-07-12 10:35:53.577253+05:30,EXTRACTED
97,site_1200,Metallurgical Products India(P) Ltd,MPCB-CONSENT-0000243837,Consent To Operate,2025-08-12,2025-08-12,2026-07-31,Chemical,consents\Taloja\Metallurgical_Products_India_P__Ltd\CTO_MPCB-CONSENT-0000243837.pdf,https://blockchain.ecmpcb.in/docs/b39b4f9caeab962ba303d13551cdee176a1a8c1203aa394c25f3b1e593a547c0,2026-07-12 11:04:05.715084+05:30,2026-07-12 11:04:05.715084+05:30,EXTRACTED
22,site_1376,M/s.Privi Speciality Chemicals Limited Unit III,MPCB-CONSENT-0000283487,Cto,2026-04-08,2026-04-08,2031-04-30,Chemical,consents\Mahad\M_s_Privi_Speciality_Chemicals_Limited_Unit_III\CTO_MPCB-CONSENT-0000283487.pdf,https://www.ecmpcb.in/cms,2026-07-06 10:54:23.032783+05:30,2026-07-06 10:54:23.032783+05:30,EXTRACTED
23,site_982,PREETI PETROCHEM PVT LTD,MPCB-CONSENT-0000237849,Consent To Operate,2025-05-07,2025-05-07,2027-08-31,Chemical,consents\Taloja\PREETI_PETROCHEM_PVT_LTD\CTO_MPCB-CONSENT-0000237849.pdf,https://www.ecmpcb.in/cms,2026-07-06 10:54:26.54352+05:30,2026-07-06 10:54:26.54352+05:30,EXTRACTED
27,site_1321,M/s. Indo Amines Ltd.,MPCB-CONSENT-0000271943,Consent To Operate,2026-03-01,2026-03-01,2029-02-28,Drugs and Pharmaceuticals,consents\Mahad\M_s__Indo_Amines_Ltd\CTO_MPCB-CONSENT-0000271943.pdf,https://www.ecmpcb.in/cms,2026-07-06 10:54:40.11805+05:30,2026-07-06 10:54:40.11805+05:30,EXTRACTED
89,site_1256,SHREE VINAYAK ORGANICS (I) PVT LTD,MPCB-CONSENT-0000101109,Consent to Operate,,,,Chemical,consents\Taloja\SHREE_VINAYAK_ORGANICS__I__PVT_LTD\CTO_MPCB-CONSENT-0000101109.pdf,https://blockchain.ecmpcb.in/docs/b525c9f05c872f2b09dd6ffc553566f3911b7397910e2bc164f9308f4917c2a5,2026-07-12 09:58:36.15627+05:30,2026-07-12 09:58:36.15627+05:30,ESTIMATED_PROXY
