id,factory_id,earliest_reading,latest_reading,monitoring_duration,avg_interval,expected_interval,max_interval,min_interval,timestamp_consistency,weekend_coverage,weekday_coverage,monthly_coverage,hourly_coverage,night_coverage,business_hours_coverage,created_at,updated_at
8,site_1787,2024-01-01 00:00:00,2024-12-31 23:45:00,365.99,15,15,1470,15,100,96.44524134790528,97.53699908925319,"{""1"": 8.51, ""2"": 8.14, ""3"": 8.52, ""4"": 8.23, ""5"": 7.91, ""6"": 8.12, ""7"": 8.62, ""8"": 8.65, ""9"": 8.28, ""10"": 8.26, ""11"": 8.38, ""12"": 8.4}","{""0"": 4.18, ""1"": 4.17, ""2"": 4.19, ""3"": 4.19, ""4"": 4.19, ""5"": 4.17, ""6"": 4.17, ""7"": 4.15, ""8"": 4.11, ""9"": 4.11, ""10"": 4.12, ""11"": 4.15, ""12"": 4.16, ""13"": 4.18, ""14"": 4.21, ""15"": 4.2, ""16"": 4.18, ""17"": 4.19, ""18"": 4.16, ""19"": 4.19, ""20"": 4.15, ""21"": 4.17, ""22"": 4.16, ""23"": 4.15}",97.4214480874317,97.22222222222221,2026-07-07 07:31:24.719034+05:30,2026-07-07 07:31:24.719034+05:30
2,site_1799,2024-01-01 00:00:00,2024-12-31 23:45:00,365.99,15,15,44655,0,100,43.606557377049185,41.978483606557376,"{""1"": 3.27, ""2"": 3.71, ""3"": 18.82, ""4"": 15.56, ""5"": 2.94, ""6"": 17.71, ""7"": 3.96, ""8"": 19.62, ""9"": 2.95, ""10"": 3.71, ""11"": 3.86, ""12"": 3.89}","{""0"": 4.24, ""1"": 4.25, ""2"": 4.15, ""3"": 4.13, ""4"": 4.13, ""5"": 4.12, ""6"": 4.14, ""7"": 4.17, ""8"": 4.15, ""9"": 4.15, ""10"": 4.15, ""11"": 4.22, ""12"": 4.21, ""13"": 4.2, ""14"": 4.22, ""15"": 4.21, ""16"": 4.22, ""17"": 4.16, ""18"": 4.13, ""19"": 4.14, ""20"": 4.13, ""21"": 4.13, ""22"": 4.11, ""23"": 4.14}",42.3650956284153,42.729204614450516,2026-07-07 07:31:19.420944+05:30,2026-07-11 10:30:05.1722+05:30
3,site_1232,2024-01-01 00:00:00,2024-12-13 23:45:00,347.99,15,15,21600,0,100,82.06267959770115,86.44815613026819,"{""1"": 10.37, ""2"": 9.36, ""3"": 9.87, ""4"": 9.34, ""5"": 9.15, ""6"": 6.42, ""7"": 6.66, ""8"": 10.21, ""9"": 4.51, ""10"": 9.77, ""11"": 10.03, ""12"": 4.31}","{""0"": 4.29, ""1"": 4.28, ""2"": 4.31, ""3"": 4.33, ""4"": 4.33, ""5"": 4.33, ""6"": 4.25, ""7"": 4.24, ""8"": 4.17, ""9"": 4.11, ""10"": 4.1, ""11"": 3.91, ""12"": 3.94, ""13"": 3.98, ""14"": 4.03, ""15"": 4.01, ""16"": 4.04, ""17"": 4.05, ""18"": 4.12, ""19"": 4.2, ""20"": 4.18, ""21"": 4.24, ""22"": 4.27, ""23"": 4.25}",87.94001436781609,82.18390804597702,2026-07-07 07:31:20.40165+05:30,2026-07-11 10:30:06.887573+05:30
4,site_1369,2024-01-01 00:00:00,2024-12-31 23:45:00,365.99,15,15,81390,0,100,49.11714480874318,50.04792805100182,"{""1"": 17.01, ""2"": 3.18, ""3"": 17.01, ""4"": 3.86, ""5"": 2.71, ""6"": 14.6, ""7"": 3.2, ""8"": 15.5, ""9"": 3.06, ""10"": 14.21, ""11"": 2.66, ""12"": 2.98}","{""0"": 4.11, ""1"": 4.13, ""2"": 4.18, ""3"": 4.15, ""4"": 4.16, ""5"": 4.17, ""6"": 4.19, ""7"": 4.13, ""8"": 4.16, ""9"": 4.14, ""10"": 4.14, ""11"": 4.1, ""12"": 4.15, ""13"": 4.15, ""14"": 4.13, ""15"": 4.15, ""16"": 4.21, ""17"": 4.3, ""18"": 4.23, ""19"": 4.17, ""20"": 4.19, ""21"": 4.25, ""22"": 4.19, ""23"": 4.12}",49.595286885245905,49.75409836065573,2026-07-07 07:31:21.058857+05:30,2026-07-11 10:30:08.023112+05:30
6,site_1256,2024-11-14 12:30:00,2024-12-07 11:30:00,22.96,15,15,21285,0,100,26.190476190476193,39.111111111111114,"{""1"": 0.0, ""2"": 0.0, ""3"": 0.0, ""4"": 0.0, ""5"": 0.0, ""6"": 0.0, ""7"": 0.0, ""8"": 0.0, ""9"": 0.0, ""10"": 0.0, ""11"": 26.76, ""12"": 73.24}","{""0"": 4.1, ""1"": 4.1, ""2"": 4.1, ""3"": 4.1, ""4"": 4.1, ""5"": 4.1, ""6"": 4.1, ""7"": 4.1, ""8"": 4.1, ""9"": 4.1, ""10"": 4.1, ""11"": 4.35, ""12"": 4.35, ""13"": 4.61, ""14"": 4.61, ""15"": 4.1, ""16"": 4.23, ""17"": 4.1, ""18"": 4.1, ""19"": 4.1, ""20"": 4.1, ""21"": 4.1, ""22"": 4.1, ""23"": 4.1}",34.82993197278911,36.402116402116405,2026-07-07 07:31:23.332464+05:30,2026-07-11 10:30:16.432163+05:30
7,site_1376,2024-01-01 00:00:00,2024-12-31 23:45:00,365.99,15,15,87855,0,100,53.701331967213115,52.37568306010929,"{""1"": 3.21, ""2"": 3.0, ""3"": 15.61, ""4"": 2.81, ""5"": 3.01, ""6"": 14.85, ""7"": 3.21, ""8"": 16.02, ""9"": 3.1, ""10"": 16.04, ""11"": 3.1, ""12"": 16.04}","{""0"": 4.18, ""1"": 4.18, ""2"": 4.18, ""3"": 4.19, ""4"": 4.18, ""5"": 4.18, ""6"": 4.18, ""7"": 4.19, ""8"": 4.19, ""9"": 4.19, ""10"": 4.18, ""11"": 4.17, ""12"": 4.14, ""13"": 4.16, ""14"": 4.16, ""15"": 4.16, ""16"": 4.15, ""17"": 4.15, ""18"": 4.16, ""19"": 4.14, ""20"": 4.14, ""21"": 4.15, ""22"": 4.15, ""23"": 4.16}",52.87226775956284,52.68518518518519,2026-07-07 07:31:23.424324+05:30,2026-07-11 10:30:16.543333+05:30
9,site_1756,2024-01-01 00:00:00,2024-12-31 23:30:00,365.98,15,15,174255,0,100,30.20748541340544,29.005720791233813,"{""1"": 28.06, ""2"": 5.37, ""3"": 5.69, ""4"": 5.48, ""5"": 5.33, ""6"": 25.51, ""7"": 4.35, ""8"": 4.51, ""9"": 2.97, ""10"": 4.88, ""11"": 4.47, ""12"": 3.38}","{""0"": 4.01, ""1"": 4.05, ""2"": 4.12, ""3"": 4.23, ""4"": 4.25, ""5"": 4.28, ""6"": 4.18, ""7"": 4.14, ""8"": 4.21, ""9"": 4.1, ""10"": 4.1, ""11"": 4.16, ""12"": 4.2, ""13"": 4.24, ""14"": 4.22, ""15"": 4.2, ""16"": 4.23, ""17"": 4.2, ""18"": 4.16, ""19"": 4.16, ""20"": 4.18, ""21"": 4.17, ""22"": 4.15, ""23"": 4.06}",29.182866087946497,29.469569754755465,2026-07-07 07:31:25.570699+05:30,2026-07-11 10:30:21.869056+05:30
10,site_1221,2024-01-03 06:45:00,2024-12-31 23:45:00,363.71,15,15,5700,0,100,92.43921299080678,90.50262050004295,"{""1"": 8.46, ""2"": 8.45, ""3"": 9.02, ""4"": 8.68, ""5"": 7.45, ""6"": 7.17, ""7"": 8.47, ""8"": 8.96, ""9"": 8.74, ""10"": 8.83, ""11"": 8.44, ""12"": 7.33}","{""0"": 4.25, ""1"": 4.27, ""2"": 4.25, ""3"": 4.27, ""4"": 4.27, ""5"": 4.28, ""6"": 4.22, ""7"": 4.13, ""8"": 4.04, ""9"": 4.07, ""10"": 4.07, ""11"": 4.06, ""12"": 4.07, ""13"": 4.04, ""14"": 4.1, ""15"": 4.14, ""16"": 4.11, ""17"": 4.1, ""18"": 4.17, ""19"": 4.21, ""20"": 4.21, ""21"": 4.21, ""22"": 4.23, ""23"": 4.21}",92.98049660623765,89.27838397724128,2026-07-07 07:31:26.301106+05:30,2026-07-11 10:30:32.34121+05:30
11,site_1581,2024-01-05 13:45:00,2024-12-12 13:45:00,342,15,15,214515,0,100,0.3091401943166936,0.4605122894648676,"{""1"": 88.32, ""2"": 0.0, ""3"": 1.46, ""4"": 0.0, ""5"": 0.0, ""6"": 0.0, ""7"": 0.0, ""8"": 9.49, ""9"": 0.0, ""10"": 0.0, ""11"": 0.0, ""12"": 0.73}","{""0"": 2.19, ""1"": 0.0, ""2"": 0.0, ""3"": 0.0, ""4"": 0.0, ""5"": 0.0, ""6"": 0.73, ""7"": 5.84, ""8"": 5.84, ""9"": 5.84, ""10"": 8.03, ""11"": 4.38, ""12"": 7.3, ""13"": 7.3, ""14"": 5.11, ""15"": 4.38, ""16"": 3.65, ""17"": 8.03, ""18"": 8.76, ""19"": 8.76, ""20"": 5.11, ""21"": 2.92, ""22"": 2.92, ""23"": 2.92}",0.10050863460542747,0.6010213301657885,2026-07-07 07:31:27.064733+05:30,2026-07-11 10:30:34.780019+05:30
12,site_1264,2024-01-01 00:00:00,2024-12-31 23:45:00,365.99,15,15,122415,0,100,62.248121584699454,62.22620673952641,"{""1"": 6.81, ""2"": 0.0, ""3"": 0.0, ""4"": 0.0, ""5"": 1.07, ""6"": 12.77, ""7"": 13.22, ""8"": 13.2, ""9"": 13.07, ""10"": 13.43, ""11"": 12.86, ""12"": 13.57}","{""0"": 4.23, ""1"": 4.22, ""2"": 4.2, ""3"": 4.18, ""4"": 4.2, ""5"": 4.2, ""6"": 4.18, ""7"": 4.18, ""8"": 4.19, ""9"": 4.21, ""10"": 4.14, ""11"": 4.08, ""12"": 4.07, ""13"": 4.05, ""14"": 4.04, ""15"": 4.08, ""16"": 4.1, ""17"": 4.12, ""18"": 4.17, ""19"": 4.18, ""20"": 4.23, ""21"": 4.26, ""22"": 4.25, ""23"": 4.22}",62.935450819672134,61.224954462659376,2026-07-07 07:31:27.14126+05:30,2026-07-11 10:30:34.862455+05:30
13,site_1909,2024-04-16 12:45:00,2024-07-10 20:45:00,85.33,15,15,34410,0,100,42.76211399975589,44.61613572561943,"{""1"": 0.0, ""2"": 0.0, ""3"": 0.0, ""4"": 36.43, ""5"": 50.94, ""6"": 9.39, ""7"": 3.24, ""8"": 0.0, ""9"": 0.0, ""10"": 0.0, ""11"": 0.0, ""12"": 0.0}","{""0"": 4.46, ""1"": 4.37, ""2"": 4.29, ""3"": 4.37, ""4"": 4.29, ""5"": 4.4, ""6"": 4.43, ""7"": 4.18, ""8"": 4.01, ""9"": 4.07, ""10"": 3.74, ""11"": 4.01, ""12"": 3.74, ""13"": 3.74, ""14"": 3.88, ""15"": 4.24, ""16"": 4.1, ""17"": 4.07, ""18"": 4.26, ""19"": 4.43, ""20"": 4.21, ""21"": 4.29, ""22"": 4.15, ""23"": 4.26}",45.77077993409008,41.82432157532853,2026-07-07 07:31:27.709351+05:30,2026-07-11 10:30:35.857255+05:30
14,site_1668,2024-01-01 00:00:00,2024-12-31 23:45:00,365.99,15,15,44670,0,100,50.70895947176686,49.39048269581056,"{""1"": 15.9, ""2"": 3.18, ""3"": 16.33, ""4"": 15.11, ""5"": 2.23, ""6"": 16.11, ""7"": 2.79, ""8"": 15.48, ""9"": 3.25, ""10"": 3.07, ""11"": 3.29, ""12"": 3.24}","{""0"": 4.17, ""1"": 4.13, ""2"": 4.11, ""3"": 4.12, ""4"": 4.11, ""5"": 4.11, ""6"": 4.14, ""7"": 4.12, ""8"": 4.15, ""9"": 4.19, ""10"": 4.2, ""11"": 4.22, ""12"": 4.2, ""13"": 4.2, ""14"": 4.21, ""15"": 4.2, ""16"": 4.19, ""17"": 4.17, ""18"": 4.16, ""19"": 4.21, ""20"": 4.18, ""21"": 4.18, ""22"": 4.17, ""23"": 4.16}",49.39549180327869,50.142683667273836,2026-07-07 07:31:27.886428+05:30,2026-07-11 10:30:36.051303+05:30
5,site_1167,2024-01-01 00:00:00,2024-10-31 13:45:00,304.57,15,15,79320,15,100,17.128932968536255,29.776333789329684,"{""1"": 19.02, ""2"": 10.25, ""3"": 0.77, ""4"": 1.62, ""5"": 4.3, ""6"": 14.35, ""7"": 15.48, ""8"": 9.74, ""9"": 4.68, ""10"": 19.79, ""11"": 0.0, ""12"": 0.0}","{""0"": 4.34, ""1"": 4.27, ""2"": 4.3, ""3"": 4.34, ""4"": 4.3, ""5"": 4.2, ""6"": 4.05, ""7"": 3.95, ""8"": 3.76, ""9"": 3.7, ""10"": 3.78, ""11"": 3.8, ""12"": 3.91, ""13"": 3.99, ""14"": 4.03, ""15"": 4.41, ""16"": 4.5, ""17"": 4.25, ""18"": 4.31, ""19"": 4.33, ""20"": 4.35, ""21"": 4.39, ""22"": 4.38, ""23"": 4.37}",27.07592339261286,25.3625170998632,2026-07-07 07:31:22.264436+05:30,2026-07-11 13:09:06.732381+05:30
16,site_1310,2024-01-01 00:00:00,2024-12-31 23:45:00,365.99,15,15,96420,15,100,79.14247495446266,78.87352003642987,"{""1"": 7.49, ""2"": 0.0, ""3"": 0.83, ""4"": 9.88, ""5"": 10.21, ""6"": 10.38, ""7"": 8.58, ""8"": 10.65, ""9"": 10.2, ""10"": 10.68, ""11"": 10.37, ""12"": 10.72}","{""0"": 4.2, ""1"": 4.2, ""2"": 4.2, ""3"": 4.18, ""4"": 4.18, ""5"": 4.17, ""6"": 4.17, ""7"": 4.16, ""8"": 4.14, ""9"": 4.14, ""10"": 4.15, ""11"": 4.15, ""12"": 4.14, ""13"": 4.13, ""14"": 4.15, ""15"": 4.19, ""16"": 4.2, ""17"": 4.19, ""18"": 4.18, ""19"": 4.16, ""20"": 4.16, ""21"": 4.15, ""22"": 4.16, ""23"": 4.17}",79.2264344262295,78.79477838494232,2026-07-07 07:31:29.823523+05:30,2026-07-07 07:31:29.823523+05:30
17,site_982,2024-01-01 00:00:00,2024-01-31 23:45:00,30.99,15,15,690,0,100,82.91330645161291,100,"{""1"": 100.0, ""2"": 0.0, ""3"": 0.0, ""4"": 0.0, ""5"": 0.0, ""6"": 0.0, ""7"": 0.0, ""8"": 0.0, ""9"": 0.0, ""10"": 0.0, ""11"": 0.0, ""12"": 0.0}","{""0"": 4.22, ""1"": 4.22, ""2"": 4.18, ""3"": 4.08, ""4"": 3.87, ""5"": 3.9, ""6"": 3.94, ""7"": 4.32, ""8"": 4.22, ""9"": 4.22, ""10"": 4.36, ""11"": 4.22, ""12"": 4.11, ""13"": 3.8, ""14"": 4.11, ""15"": 4.22, ""16"": 4.22, ""17"": 4.29, ""18"": 4.36, ""19"": 4.36, ""20"": 4.18, ""21"": 4.18, ""22"": 4.22, ""23"": 4.22}",94.35483870967742,95.6989247311828,2026-07-07 07:31:30.575515+05:30,2026-07-07 07:31:30.575515+05:30
21,site_1905,2024-01-01 00:00:00,2024-09-04 10:30:00,247.44,15,15,53070,15,100,68.61502841507051,65.44727425805092,"{""1"": 15.42, ""2"": 15.95, ""3"": 18.46, ""4"": 17.31, ""5"": 13.97, ""6"": 14.78, ""7"": 0.0, ""8"": 3.64, ""9"": 0.48, ""10"": 0.0, ""11"": 0.0, ""12"": 0.0}","{""0"": 4.13, ""1"": 4.1, ""2"": 4.1, ""3"": 4.09, ""4"": 4.09, ""5"": 4.05, ""6"": 3.87, ""7"": 3.82, ""8"": 3.95, ""9"": 4.18, ""10"": 4.21, ""11"": 4.26, ""12"": 4.31, ""13"": 4.36, ""14"": 4.38, ""15"": 4.31, ""16"": 4.34, ""17"": 4.3, ""18"": 4.28, ""19"": 4.25, ""20"": 4.14, ""21"": 4.17, ""22"": 4.17, ""23"": 4.14}",65.45569353820248,68.36455483056199,2026-07-07 07:31:33.103538+05:30,2026-07-07 07:31:33.103538+05:30
24,site_1280,2024-01-02 06:00:00,2024-12-31 23:45:00,364.74,15,15,10035,15,100,87.65992689056432,83.6257710760795,"{""1"": 3.36, ""2"": 6.08, ""3"": 9.96, ""4"": 9.6, ""5"": 9.12, ""6"": 9.17, ""7"": 8.61, ""8"": 9.66, ""9"": 8.92, ""10"": 8.13, ""11"": 8.78, ""12"": 8.61}","{""0"": 4.27, ""1"": 4.27, ""2"": 4.24, ""3"": 4.2, ""4"": 4.2, ""5"": 4.19, ""6"": 4.19, ""7"": 4.14, ""8"": 4.13, ""9"": 4.09, ""10"": 4.15, ""11"": 4.05, ""12"": 4.04, ""13"": 4.1, ""14"": 4.09, ""15"": 4.1, ""16"": 4.1, ""17"": 4.12, ""18"": 4.16, ""19"": 4.19, ""20"": 4.25, ""21"": 4.23, ""22"": 4.23, ""23"": 4.25}",86.13776559287183,83.28383215292057,2026-07-07 07:31:34.433907+05:30,2026-07-07 07:31:34.433907+05:30
27,site_1569,2024-04-01 00:00:00,2024-05-28 23:45:00,57.99,15,15,105,15,100,92.78017241379311,96.40086206896551,"{""1"": 0.0, ""2"": 0.0, ""3"": 0.0, ""4"": 51.43, ""5"": 48.57, ""6"": 0.0, ""7"": 0.0, ""8"": 0.0, ""9"": 0.0, ""10"": 0.0, ""11"": 0.0, ""12"": 0.0}","{""0"": 4.26, ""1"": 4.2, ""2"": 3.97, ""3"": 4.14, ""4"": 4.16, ""5"": 4.11, ""6"": 4.22, ""7"": 4.12, ""8"": 4.14, ""9"": 4.27, ""10"": 4.22, ""11"": 4.05, ""12"": 4.24, ""13"": 4.01, ""14"": 4.24, ""15"": 4.27, ""16"": 4.2, ""17"": 4.07, ""18"": 4.24, ""19"": 4.16, ""20"": 4.2, ""21"": 4.31, ""22"": 4.16, ""23"": 4.03}",94.50431034482759,95.54597701149426,2026-07-07 07:31:36.584569+05:30,2026-07-07 07:31:36.584569+05:30
28,site_1247,2024-01-01 00:00:00,2024-12-31 23:45:00,365.99,15,15,81330,15,100,74.7196607468124,73.53426684881602,"{""1"": 10.94, ""2"": 7.02, ""3"": 0.0, ""4"": 4.84, ""5"": 0.0, ""6"": 10.63, ""7"": 11.02, ""8"": 10.94, ""9"": 10.94, ""10"": 11.35, ""11"": 10.86, ""12"": 11.47}","{""0"": 4.26, ""1"": 4.24, ""2"": 4.25, ""3"": 4.22, ""4"": 4.23, ""5"": 4.23, ""6"": 4.22, ""7"": 4.2, ""8"": 4.13, ""9"": 4.09, ""10"": 4.08, ""11"": 4.02, ""12"": 4.01, ""13"": 4.0, ""14"": 4.08, ""15"": 4.06, ""16"": 4.11, ""17"": 4.13, ""18"": 4.2, ""19"": 4.2, ""20"": 4.25, ""21"": 4.25, ""22"": 4.26, ""23"": 4.26}",75.28176229508196,72.04766241651488,2026-07-07 07:31:36.796117+05:30,2026-07-07 07:31:36.796117+05:30
15,site_1257,2024-01-01 00:00:00,2024-12-31 23:45:00,365.99,15,15,22005,0,100,89.28307149362476,88.1773679417122,"{""1"": 9.54, ""2"": 8.95, ""3"": 9.54, ""4"": 8.05, ""5"": 6.43, ""6"": 4.55, ""7"": 9.2, ""8"": 9.55, ""9"": 9.26, ""10"": 9.57, ""11"": 5.78, ""12"": 9.57}","{""0"": 4.18, ""1"": 4.18, ""2"": 4.18, ""3"": 4.17, ""4"": 4.16, ""5"": 4.16, ""6"": 4.16, ""7"": 4.14, ""8"": 4.12, ""9"": 4.12, ""10"": 4.14, ""11"": 4.18, ""12"": 4.17, ""13"": 4.18, ""14"": 4.18, ""15"": 4.2, ""16"": 4.19, ""17"": 4.18, ""18"": 4.17, ""19"": 4.18, ""20"": 4.17, ""21"": 4.17, ""22"": 4.15, ""23"": 4.16}",88.53312841530054,88.60807528840316,2026-07-07 07:31:29.162122+05:30,2026-07-11 10:30:37.927944+05:30
20,site_1284,2024-01-01 00:00:00,2024-12-16 06:45:00,350.28,15,15,69975,0,100,62.19816819317236,62.64779350541215,"{""1"": 13.71, ""2"": 12.99, ""3"": 13.84, ""4"": 13.28, ""5"": 13.18, ""6"": 4.39, ""7"": 0.71, ""8"": 12.92, ""9"": 4.13, ""10"": 0.0, ""11"": 4.95, ""12"": 5.89}","{""0"": 4.22, ""1"": 4.2, ""2"": 4.19, ""3"": 4.19, ""4"": 4.18, ""5"": 4.18, ""6"": 4.11, ""7"": 4.08, ""8"": 4.09, ""9"": 4.07, ""10"": 4.11, ""11"": 4.06, ""12"": 4.07, ""13"": 4.14, ""14"": 4.18, ""15"": 4.14, ""16"": 4.15, ""17"": 4.21, ""18"": 4.21, ""19"": 4.24, ""20"": 4.23, ""21"": 4.27, ""22"": 4.26, ""23"": 4.23}",63.1081241822291,61.900796954918526,2026-07-07 07:31:32.505754+05:30,2026-07-11 10:30:53.709261+05:30
22,site_1789,2024-01-01 00:00:00,2024-12-31 23:45:00,365.99,15,15,187080,0,100,4.9681950136612025,4.416837431693989,"{""1"": 5.66, ""2"": 7.37, ""3"": 23.41, ""4"": 0.02, ""5"": 7.06, ""6"": 0.0, ""7"": 35.87, ""8"": 0.0, ""9"": 0.0, ""10"": 0.0, ""11"": 0.0, ""12"": 20.61}","{""0"": 4.29, ""1"": 3.95, ""2"": 3.97, ""3"": 4.04, ""4"": 3.92, ""5"": 3.87, ""6"": 3.89, ""7"": 4.28, ""8"": 4.22, ""9"": 4.31, ""10"": 4.06, ""11"": 4.32, ""12"": 4.36, ""13"": 4.11, ""14"": 4.34, ""15"": 4.26, ""16"": 4.14, ""17"": 4.11, ""18"": 4.17, ""19"": 4.17, ""20"": 4.32, ""21"": 4.22, ""22"": 4.17, ""23"": 4.53}",4.493254781420765,4.635321797207044,2026-07-07 07:31:33.505543+05:30,2026-07-11 10:30:55.041924+05:30
23,site_1285,2024-01-01 00:00:00,2024-12-31 23:45:00,365.99,15,15,54015,0,100,86.17514799635701,85.86634790528232,"{""1"": 9.81, ""2"": 9.01, ""3"": 9.7, ""4"": 9.3, ""5"": 5.64, ""6"": 0.0, ""7"": 8.66, ""8"": 9.39, ""9"": 9.39, ""10"": 9.78, ""11"": 9.53, ""12"": 9.78}","{""0"": 4.24, ""1"": 4.24, ""2"": 4.23, ""3"": 4.23, ""4"": 4.23, ""5"": 4.23, ""6"": 4.19, ""7"": 4.15, ""8"": 4.14, ""9"": 4.15, ""10"": 4.17, ""11"": 4.1, ""12"": 4.07, ""13"": 4.08, ""14"": 4.09, ""15"": 4.1, ""16"": 4.1, ""17"": 4.13, ""18"": 4.17, ""19"": 4.18, ""20"": 4.21, ""21"": 4.21, ""22"": 4.2, ""23"": 4.21}",87.11577868852459,84.75258044930176,2026-07-07 07:31:33.728433+05:30,2026-07-11 10:30:57.580068+05:30
25,site_887,2024-01-01 00:00:00,2024-12-31 23:45:00,365.99,15,15,44655,0,100,50.920138888888886,50.57627504553734,"{""1"": 3.19, ""2"": 2.93, ""3"": 3.26, ""4"": 15.58, ""5"": 2.94, ""6"": 14.93, ""7"": 3.1, ""8"": 16.24, ""9"": 3.15, ""10"": 15.55, ""11"": 3.21, ""12"": 15.91}","{""0"": 4.23, ""1"": 4.25, ""2"": 4.26, ""3"": 4.27, ""4"": 4.28, ""5"": 4.14, ""6"": 3.86, ""7"": 4.16, ""8"": 4.11, ""9"": 4.14, ""10"": 4.14, ""11"": 4.15, ""12"": 4.08, ""13"": 4.11, ""14"": 4.23, ""15"": 4.25, ""16"": 4.23, ""17"": 4.16, ""18"": 4.18, ""19"": 4.15, ""20"": 4.14, ""21"": 4.15, ""22"": 4.18, ""23"": 4.16}",51.32855191256831,50.64966605950213,2026-07-07 07:31:35.11955+05:30,2026-07-11 10:31:02.707228+05:30
26,site_1259,2024-03-16 14:15:00,2024-08-08 10:15:00,144.83,15,15,81870,0,100,28.14095649047105,29.555555555555557,"{""1"": 0.0, ""2"": 0.0, ""3"": 0.07, ""4"": 0.0, ""5"": 32.17, ""6"": 18.53, ""7"": 40.53, ""8"": 8.7, ""9"": 0.0, ""10"": 0.0, ""11"": 0.0, ""12"": 0.0}","{""0"": 4.14, ""1"": 4.14, ""2"": 4.14, ""3"": 4.1, ""4"": 4.12, ""5"": 4.14, ""6"": 4.14, ""7"": 4.14, ""8"": 4.12, ""9"": 4.07, ""10"": 4.07, ""11"": 4.07, ""12"": 4.05, ""13"": 4.21, ""14"": 4.22, ""15"": 4.17, ""16"": 4.14, ""17"": 4.23, ""18"": 4.16, ""19"": 4.24, ""20"": 4.29, ""21"": 4.29, ""22"": 4.29, ""23"": 4.29}",29.19093851132686,28.93923049262855,2026-07-07 07:31:36.445498+05:30,2026-07-11 10:31:04.541999+05:30
19,site_1203,2024-01-01 00:00:00,2024-12-31 23:45:00,365.99,15,15,19560,15,100,89.79109744990892,89.09779143897995,"{""1"": 8.73, ""2"": 8.86, ""3"": 9.33, ""4"": 8.13, ""5"": 8.95, ""6"": 9.11, ""7"": 6.33, ""8"": 9.47, ""9"": 8.63, ""10"": 4.05, ""11"": 9.18, ""12"": 9.23}","{""0"": 4.18, ""1"": 4.18, ""2"": 4.16, ""3"": 4.16, ""4"": 4.18, ""5"": 4.17, ""6"": 4.16, ""7"": 4.16, ""8"": 4.13, ""9"": 4.15, ""10"": 4.15, ""11"": 4.19, ""12"": 4.17, ""13"": 4.17, ""14"": 4.19, ""15"": 4.18, ""16"": 4.16, ""17"": 4.17, ""18"": 4.17, ""19"": 4.18, ""20"": 4.15, ""21"": 4.15, ""22"": 4.16, ""23"": 4.18}",89.37841530054644,89.34426229508196,2026-07-07 07:31:31.763014+05:30,2026-07-11 13:09:19.070142+05:30
29,site_1281,2024-01-01 00:00:00,2024-12-31 23:45:00,365.99,15,15,72165,0,100,60.82365664845173,61.93533697632058,"{""1"": 13.31, ""2"": 12.54, ""3"": 12.59, ""4"": 11.79, ""5"": 11.21, ""6"": 6.93, ""7"": 5.23, ""8"": 9.76, ""9"": 6.98, ""10"": 0.0, ""11"": 6.25, ""12"": 3.4}","{""0"": 3.76, ""1"": 3.74, ""2"": 3.74, ""3"": 3.76, ""4"": 3.75, ""5"": 3.76, ""6"": 3.79, ""7"": 3.76, ""8"": 3.79, ""9"": 4.16, ""10"": 4.57, ""11"": 4.6, ""12"": 4.56, ""13"": 4.6, ""14"": 4.64, ""15"": 4.67, ""16"": 4.65, ""17"": 4.66, ""18"": 4.57, ""19"": 4.58, ""20"": 4.41, ""21"": 3.9, ""22"": 3.84, ""23"": 3.76}",55.635245901639344,67.54705525197329,2026-07-07 07:31:37.566097+05:30,2026-07-11 10:31:11.156063+05:30
31,site_2070,2024-12-27 15:00:00,2024-12-31 00:00:00,3.38,15,15,1440,0,100,81.84615384615384,15.42153846153846,"{""1"": 0.0, ""2"": 0.0, ""3"": 0.0, ""4"": 0.0, ""5"": 0.0, ""6"": 0.0, ""7"": 0.0, ""8"": 0.0, ""9"": 0.0, ""10"": 0.0, ""11"": 0.0, ""12"": 100.0}","{""0"": 6.26, ""1"": 3.58, ""2"": 3.58, ""3"": 3.58, ""4"": 3.58, ""5"": 3.58, ""6"": 3.58, ""7"": 3.58, ""8"": 3.58, ""9"": 3.58, ""10"": 4.47, ""11"": 3.58, ""12"": 3.58, ""13"": 3.58, ""14"": 3.58, ""15"": 4.47, ""16"": 6.98, ""17"": 7.16, ""18"": 6.26, ""19"": 3.58, ""20"": 3.58, ""21"": 3.58, ""22"": 3.58, ""23"": 3.58}",32.30769230769231,37.57948717948718,2026-07-07 07:31:39.048665+05:30,2026-07-11 10:31:21.109294+05:30
32,site_1321,2024-01-01 00:00:00,2024-12-31 23:45:00,365.99,15,15,87045,0,100,30.5871470856102,34.2070810564663,"{""1"": 23.42, ""2"": 3.35, ""3"": 3.28, ""4"": 12.49, ""5"": 3.62, ""6"": 16.67, ""7"": 4.37, ""8"": 17.97, ""9"": 3.41, ""10"": 3.27, ""11"": 3.72, ""12"": 4.42}","{""0"": 4.06, ""1"": 4.1, ""2"": 4.03, ""3"": 4.01, ""4"": 3.87, ""5"": 3.79, ""6"": 3.8, ""7"": 3.87, ""8"": 3.83, ""9"": 3.92, ""10"": 4.11, ""11"": 4.37, ""12"": 4.4, ""13"": 4.5, ""14"": 4.48, ""15"": 4.48, ""16"": 4.52, ""17"": 4.44, ""18"": 4.42, ""19"": 4.46, ""20"": 4.34, ""21"": 4.23, ""22"": 3.96, ""23"": 4.02}",31.676912568306008,34.69338190649666,2026-07-07 07:31:39.207542+05:30,2026-07-11 10:31:22.83455+05:30
1,site_1131,2024-01-01 00:00:00,2024-12-31 23:45:00,365.99,15,15,13230,15,100,88.35667122040073,88.36862477231328,"{""1"": 8.85, ""2"": 5.03, ""3"": 9.05, ""4"": 7.47, ""5"": 8.73, ""6"": 8.17, ""7"": 9.59, ""8"": 9.29, ""9"": 8.35, ""10"": 6.85, ""11"": 9.28, ""12"": 9.33}","{""0"": 4.18, ""1"": 4.16, ""2"": 4.14, ""3"": 4.12, ""4"": 4.07, ""5"": 4.08, ""6"": 4.08, ""7"": 4.07, ""8"": 4.07, ""9"": 4.12, ""10"": 4.18, ""11"": 4.25, ""12"": 4.23, ""13"": 4.22, ""14"": 4.27, ""15"": 4.26, ""16"": 4.22, ""17"": 4.22, ""18"": 4.23, ""19"": 4.17, ""20"": 4.14, ""21"": 4.17, ""22"": 4.18, ""23"": 4.16}",87.77322404371584,89.46569520340012,2026-07-07 07:31:05.682015+05:30,2026-07-11 13:09:06.90902+05:30
70,site_1561,2024-01-01 00:00:00,2024-12-31 23:45:00,365.99,15,15,14685,15,100,92.13200136612022,94.31750910746813,"{""1"": 9.04, ""2"": 8.46, ""3"": 9.04, ""4"": 8.72, ""5"": 8.57, ""6"": 8.75, ""7"": 9.04, ""8"": 8.6, ""9"": 2.95, ""10"": 9.04, ""11"": 8.75, ""12"": 9.04}","{""0"": 4.17, ""1"": 4.18, ""2"": 4.17, ""3"": 4.17, ""4"": 4.18, ""5"": 4.18, ""6"": 4.18, ""7"": 4.18, ""8"": 4.17, ""9"": 4.17, ""10"": 4.17, ""11"": 4.16, ""12"": 4.16, ""13"": 4.16, ""14"": 4.16, ""15"": 4.16, ""16"": 4.17, ""17"": 4.17, ""18"": 4.16, ""19"": 4.16, ""20"": 4.16, ""21"": 4.16, ""22"": 4.16, ""23"": 4.17}",93.7926912568306,93.6247723132969,2026-07-11 10:32:02.723149+05:30,2026-07-11 10:32:02.723149+05:30
18,site_1138,2024-01-08 16:45:00,2024-12-31 23:45:00,358.29,15,15,15315,15,100,89.21708288513534,89.83167136668897,"{""1"": 2.38, ""2"": 5.05, ""3"": 9.57, ""4"": 9.2, ""5"": 8.92, ""6"": 8.98, ""7"": 9.33, ""8"": 9.01, ""9"": 9.18, ""10"": 9.49, ""11"": 9.24, ""12"": 9.64}","{""0"": 4.24, ""1"": 4.23, ""2"": 4.23, ""3"": 4.22, ""4"": 4.23, ""5"": 4.23, ""6"": 4.2, ""7"": 4.18, ""8"": 4.17, ""9"": 4.19, ""10"": 4.21, ""11"": 4.05, ""12"": 4.02, ""13"": 4.03, ""14"": 4.06, ""15"": 4.04, ""16"": 4.09, ""17"": 4.14, ""18"": 4.16, ""19"": 4.16, ""20"": 4.22, ""21"": 4.23, ""22"": 4.23, ""23"": 4.26}",91.0980608774021,88.02318031611284,2026-07-07 07:31:30.937051+05:30,2026-07-11 13:09:18.35084+05:30
30,site_1200,2024-01-05 10:15:00,2024-12-31 23:45:00,361.56,15,15,9420,15,100,94.71205093486216,96.43628820834894,"{""1"": 7.63, ""2"": 6.48, ""3"": 8.92, ""4"": 8.52, ""5"": 8.53, ""6"": 8.64, ""7"": 8.94, ""8"": 8.92, ""9"": 6.9, ""10"": 8.94, ""11"": 8.65, ""12"": 8.94}","{""0"": 4.16, ""1"": 4.16, ""2"": 4.16, ""3"": 4.16, ""4"": 4.16, ""5"": 4.16, ""6"": 4.16, ""7"": 4.14, ""8"": 4.12, ""9"": 4.12, ""10"": 4.15, ""11"": 4.18, ""12"": 4.17, ""13"": 4.19, ""14"": 4.18, ""15"": 4.19, ""16"": 4.2, ""17"": 4.19, ""18"": 4.19, ""19"": 4.19, ""20"": 4.18, ""21"": 4.18, ""22"": 4.17, ""23"": 4.17}",95.77943591368732,96.13090950995363,2026-07-07 07:31:38.240238+05:30,2026-07-11 13:09:26.951978+05:30
