id,factory_id,parameter_id,row_count,started_at,finished_at,status,error_message,created_at
1,site_1799,ETP-COD,10694,2026-07-04 22:57:45.342726+05:30,2026-07-04 22:57:45.342726+05:30,SUCCESS,,2026-07-04 22:57:45.342726+05:30
2,site_1799,ETP-BOD,10694,2026-07-04 22:57:45.35048+05:30,2026-07-04 22:57:45.35048+05:30,SUCCESS,,2026-07-04 22:57:45.35048+05:30
3,site_1799,ETP-TSS,10694,2026-07-04 22:57:45.35077+05:30,2026-07-04 22:57:45.35077+05:30,SUCCESS,,2026-07-04 22:57:45.35077+05:30
4,site_1799,ETP-Flow,10694,2026-07-04 22:57:45.350982+05:30,2026-07-04 22:57:45.350982+05:30,SUCCESS,,2026-07-04 22:57:45.350982+05:30
5,site_1232,ETP-Flow,28462,2026-07-04 22:57:45.351176+05:30,2026-07-04 22:57:45.351176+05:30,SUCCESS,,2026-07-04 22:57:45.351176+05:30
6,site_1369,ETP-COD,14451,2026-07-04 22:57:45.351381+05:30,2026-07-04 22:57:45.351381+05:30,SUCCESS,,2026-07-04 22:57:45.351381+05:30
7,site_1369,ETP-BOD,14376,2026-07-04 22:57:45.351569+05:30,2026-07-04 22:57:45.351569+05:30,SUCCESS,,2026-07-04 22:57:45.351569+05:30
8,site_1369,ETP-TSS,14451,2026-07-04 22:57:45.351733+05:30,2026-07-04 22:57:45.351733+05:30,SUCCESS,,2026-07-04 22:57:45.351733+05:30
9,site_1369,ETP-Flow,14169,2026-07-04 22:57:45.351894+05:30,2026-07-04 22:57:45.351894+05:30,SUCCESS,,2026-07-04 22:57:45.351894+05:30
10,site_1167,ETP-Flow,7650,2026-07-04 22:57:45.352054+05:30,2026-07-04 22:57:45.352054+05:30,SUCCESS,,2026-07-04 22:57:45.352054+05:30
11,site_1131,ETP-Flow,31048,2026-07-04 22:57:45.352212+05:30,2026-07-04 22:57:45.352212+05:30,SUCCESS,,2026-07-04 22:57:45.352212+05:30
12,site_1256,ETP-Flow,781,2026-07-04 22:57:45.35238+05:30,2026-07-04 22:57:45.35238+05:30,SUCCESS,,2026-07-04 22:57:45.35238+05:30
13,site_1376,ETP-COD,14734,2026-07-04 22:57:45.352541+05:30,2026-07-04 22:57:45.352541+05:30,SUCCESS,,2026-07-04 22:57:45.352541+05:30
14,site_1376,ETP-BOD,14734,2026-07-04 22:57:45.352703+05:30,2026-07-04 22:57:45.352703+05:30,SUCCESS,,2026-07-04 22:57:45.352703+05:30
15,site_1376,ETP-TSS,14734,2026-07-04 22:57:45.352862+05:30,2026-07-04 22:57:45.352862+05:30,SUCCESS,,2026-07-04 22:57:45.352862+05:30
16,site_1376,ETP-Flow,13875,2026-07-04 22:57:45.353019+05:30,2026-07-04 22:57:45.353019+05:30,SUCCESS,,2026-07-04 22:57:45.353019+05:30
17,site_1787,ETP-Flow,34161,2026-07-04 22:57:45.353176+05:30,2026-07-04 22:57:45.353176+05:30,SUCCESS,,2026-07-04 22:57:45.353176+05:30
18,site_1756,ETP-COD,5525,2026-07-04 22:57:45.353338+05:30,2026-07-04 22:57:45.353338+05:30,SUCCESS,,2026-07-04 22:57:45.353338+05:30
19,site_1756,ETP-BOD,5525,2026-07-04 22:57:45.353495+05:30,2026-07-04 22:57:45.353495+05:30,SUCCESS,,2026-07-04 22:57:45.353495+05:30
20,site_1756,ETP-TSS,5525,2026-07-04 22:57:45.353651+05:30,2026-07-04 22:57:45.353651+05:30,SUCCESS,,2026-07-04 22:57:45.353651+05:30
21,site_1756,ETP-Flow,5525,2026-07-04 22:57:45.353809+05:30,2026-07-04 22:57:45.353809+05:30,SUCCESS,,2026-07-04 22:57:45.353809+05:30
22,site_1221,ETP-Flow,31794,2026-07-04 22:57:45.353968+05:30,2026-07-04 22:57:45.353968+05:30,SUCCESS,,2026-07-04 22:57:45.353968+05:30
23,site_1581,ETP-Flow,137,2026-07-04 22:57:45.354126+05:30,2026-07-04 22:57:45.354126+05:30,SUCCESS,,2026-07-04 22:57:45.354126+05:30
24,site_1264,ETP-Flow,21866,2026-07-04 22:57:45.354285+05:30,2026-07-04 22:57:45.354285+05:30,SUCCESS,,2026-07-04 22:57:45.354285+05:30
25,site_1909,ETP-Flow,3612,2026-07-04 22:57:45.354493+05:30,2026-07-04 22:57:45.354493+05:30,SUCCESS,,2026-07-04 22:57:45.354493+05:30
26,site_1668,ETP-COD,13803,2026-07-04 22:57:45.354668+05:30,2026-07-04 22:57:45.354668+05:30,SUCCESS,,2026-07-04 22:57:45.354668+05:30
27,site_1668,ETP-BOD,13803,2026-07-04 22:57:45.354834+05:30,2026-07-04 22:57:45.354834+05:30,SUCCESS,,2026-07-04 22:57:45.354834+05:30
28,site_1668,ETP-TSS,13803,2026-07-04 22:57:45.354995+05:30,2026-07-04 22:57:45.354995+05:30,SUCCESS,,2026-07-04 22:57:45.354995+05:30
29,site_1668,ETP-Flow,13803,2026-07-04 22:57:45.355156+05:30,2026-07-04 22:57:45.355156+05:30,SUCCESS,,2026-07-04 22:57:45.355156+05:30
30,site_1257,ETP-Flow,31093,2026-07-04 22:57:45.355316+05:30,2026-07-04 22:57:45.355316+05:30,SUCCESS,,2026-07-04 22:57:45.355316+05:30
31,site_1310,ETP-Flow,27740,2026-07-04 22:57:45.355478+05:30,2026-07-04 22:57:45.355478+05:30,SUCCESS,,2026-07-04 22:57:45.355478+05:30
32,site_982,ETP-COD,2845,2026-07-04 22:57:45.355637+05:30,2026-07-04 22:57:45.355637+05:30,SUCCESS,,2026-07-04 22:57:45.355637+05:30
33,site_982,ETP-BOD,2845,2026-07-04 22:57:45.355798+05:30,2026-07-04 22:57:45.355798+05:30,SUCCESS,,2026-07-04 22:57:45.355798+05:30
34,site_982,ETP-TSS,2845,2026-07-04 22:57:45.355956+05:30,2026-07-04 22:57:45.355956+05:30,SUCCESS,,2026-07-04 22:57:45.355956+05:30
35,site_982,ETP-Flow,2845,2026-07-04 22:57:45.356117+05:30,2026-07-04 22:57:45.356117+05:30,SUCCESS,,2026-07-04 22:57:45.356117+05:30
36,site_1138,ETP-Flow,30839,2026-07-04 22:57:45.356276+05:30,2026-07-04 22:57:45.356276+05:30,SUCCESS,,2026-07-04 22:57:45.356276+05:30
37,site_1203,ETP-Flow,31375,2026-07-04 22:57:45.356437+05:30,2026-07-04 22:57:45.356437+05:30,SUCCESS,,2026-07-04 22:57:45.356437+05:30
38,site_1284,ETP-Flow,21024,2026-07-04 22:57:45.356596+05:30,2026-07-04 22:57:45.356596+05:30,SUCCESS,,2026-07-04 22:57:45.356596+05:30
39,site_1905,ETP-Flow,15762,2026-07-04 22:57:45.356756+05:30,2026-07-04 22:57:45.356756+05:30,SUCCESS,,2026-07-04 22:57:45.356756+05:30
40,site_1789,ETP-COD,91,2026-07-04 22:57:45.356924+05:30,2026-07-04 22:57:45.356924+05:30,SUCCESS,,2026-07-04 22:57:45.356924+05:30
41,site_1789,ETP-BOD,91,2026-07-04 22:57:45.357089+05:30,2026-07-04 22:57:45.357089+05:30,SUCCESS,,2026-07-04 22:57:45.357089+05:30
42,site_1789,ETP-TSS,91,2026-07-04 22:57:45.357248+05:30,2026-07-04 22:57:45.357248+05:30,SUCCESS,,2026-07-04 22:57:45.357248+05:30
43,site_1285,ETP-Flow,30201,2026-07-04 22:57:45.357499+05:30,2026-07-04 22:57:45.357499+05:30,SUCCESS,,2026-07-04 22:57:45.357499+05:30
44,site_1280,ETP-Flow,29686,2026-07-04 22:57:45.357819+05:30,2026-07-04 22:57:45.357819+05:30,SUCCESS,,2026-07-04 22:57:45.357819+05:30
45,site_887,ETP-COD,13916,2026-07-04 22:57:45.358057+05:30,2026-07-04 22:57:45.358057+05:30,SUCCESS,,2026-07-04 22:57:45.358057+05:30
46,site_887,ETP-BOD,13931,2026-07-04 22:57:45.358317+05:30,2026-07-04 22:57:45.358317+05:30,SUCCESS,,2026-07-04 22:57:45.358317+05:30
47,site_887,ETP-TSS,13921,2026-07-04 22:57:45.358537+05:30,2026-07-04 22:57:45.358537+05:30,SUCCESS,,2026-07-04 22:57:45.358537+05:30
48,site_887,ETP-Flow,13931,2026-07-04 22:57:45.358738+05:30,2026-07-04 22:57:45.358738+05:30,SUCCESS,,2026-07-04 22:57:45.358738+05:30
49,site_1259,ETP-Flow,4406,2026-07-04 22:57:45.358919+05:30,2026-07-04 22:57:45.358919+05:30,SUCCESS,,2026-07-04 22:57:45.358919+05:30
50,site_1569,ETP-Flow,5310,2026-07-04 22:57:45.359092+05:30,2026-07-04 22:57:45.359092+05:30,SUCCESS,,2026-07-04 22:57:45.359092+05:30
51,site_1247,ETP-Flow,25956,2026-07-04 22:57:45.359254+05:30,2026-07-04 22:57:45.359254+05:30,SUCCESS,,2026-07-04 22:57:45.359254+05:30
52,site_1281,ETP-Flow,21650,2026-07-04 22:57:45.359417+05:30,2026-07-04 22:57:45.359417+05:30,SUCCESS,,2026-07-04 22:57:45.359417+05:30
53,site_1200,ETP-Flow,33303,2026-07-04 22:57:45.359577+05:30,2026-07-04 22:57:45.359577+05:30,SUCCESS,,2026-07-04 22:57:45.359577+05:30
54,site_2070,ETP-COD,112,2026-07-04 22:57:45.35974+05:30,2026-07-04 22:57:45.35974+05:30,SUCCESS,,2026-07-04 22:57:45.35974+05:30
55,site_2070,ETP-BOD,112,2026-07-04 22:57:45.359899+05:30,2026-07-04 22:57:45.359899+05:30,SUCCESS,,2026-07-04 22:57:45.359899+05:30
56,site_2070,ETP-TSS,112,2026-07-04 22:57:45.360059+05:30,2026-07-04 22:57:45.360059+05:30,SUCCESS,,2026-07-04 22:57:45.360059+05:30
57,site_2070,ETP-Flow,111,2026-07-04 22:57:45.360218+05:30,2026-07-04 22:57:45.360218+05:30,SUCCESS,,2026-07-04 22:57:45.360218+05:30
58,site_1321,ETP-COD,8224,2026-07-04 22:57:45.360397+05:30,2026-07-04 22:57:45.360397+05:30,SUCCESS,,2026-07-04 22:57:45.360397+05:30
59,site_1321,ETP-BOD,8224,2026-07-04 22:57:45.360587+05:30,2026-07-04 22:57:45.360587+05:30,SUCCESS,,2026-07-04 22:57:45.360587+05:30
60,site_1321,ETP-TSS,8224,2026-07-04 22:57:45.360764+05:30,2026-07-04 22:57:45.360764+05:30,SUCCESS,,2026-07-04 22:57:45.360764+05:30
61,site_1321,ETP-Flow,8224,2026-07-04 22:57:45.360932+05:30,2026-07-04 22:57:45.360932+05:30,SUCCESS,,2026-07-04 22:57:45.360932+05:30
62,site_1799,ETP-pH,31789,2026-07-11 10:21:46.691331+05:30,2026-07-11 10:21:46.691331+05:30,SUCCESS,,2026-07-11 10:21:46.691331+05:30
63,site_1232,ETP-pH,28462,2026-07-11 10:21:46.697427+05:30,2026-07-11 10:21:46.697427+05:30,SUCCESS,,2026-07-11 10:21:46.697427+05:30
64,site_1369,ETP-pH,30010,2026-07-11 10:21:46.697888+05:30,2026-07-11 10:21:46.697888+05:30,SUCCESS,,2026-07-11 10:21:46.697888+05:30
65,site_1131,ETP-pH,31048,2026-07-11 10:21:46.698254+05:30,2026-07-11 10:21:46.698254+05:30,SUCCESS,,2026-07-11 10:21:46.698254+05:30
66,site_1256,ETP-pH,781,2026-07-11 10:21:46.69861+05:30,2026-07-11 10:21:46.69861+05:30,SUCCESS,,2026-07-11 10:21:46.69861+05:30
67,site_1376,ETP-pH,34602,2026-07-11 10:21:46.699059+05:30,2026-07-11 10:21:46.699059+05:30,SUCCESS,,2026-07-11 10:21:46.699059+05:30
68,site_1756,ETP-pH,29459,2026-07-11 10:21:46.699388+05:30,2026-07-11 10:21:46.699388+05:30,SUCCESS,,2026-07-11 10:21:46.699388+05:30
69,site_1221,ETP-pH,31794,2026-07-11 10:21:46.699974+05:30,2026-07-11 10:21:46.699974+05:30,SUCCESS,,2026-07-11 10:21:46.699974+05:30
70,site_1581,ETP-pH,137,2026-07-11 10:21:46.7008+05:30,2026-07-11 10:21:46.7008+05:30,SUCCESS,,2026-07-11 10:21:46.7008+05:30
71,site_1264,ETP-pH,21866,2026-07-11 10:21:46.701135+05:30,2026-07-11 10:21:46.701135+05:30,SUCCESS,,2026-07-11 10:21:46.701135+05:30
72,site_1909,ETP-pH,3612,2026-07-11 10:21:46.701418+05:30,2026-07-11 10:21:46.701418+05:30,SUCCESS,,2026-07-11 10:21:46.701418+05:30
73,site_1668,ETP-pH,32219,2026-07-11 10:21:46.701687+05:30,2026-07-11 10:21:46.701687+05:30,SUCCESS,,2026-07-11 10:21:46.701687+05:30
74,site_1257,ETP-pH,31093,2026-07-11 10:21:46.702263+05:30,2026-07-11 10:21:46.702263+05:30,SUCCESS,,2026-07-11 10:21:46.702263+05:30
75,site_1138,ETP-pH,30839,2026-07-11 10:21:46.702889+05:30,2026-07-11 10:21:46.702889+05:30,SUCCESS,,2026-07-11 10:21:46.702889+05:30
76,site_1203,ETP-pH,31375,2026-07-11 10:21:46.703414+05:30,2026-07-11 10:21:46.703414+05:30,SUCCESS,,2026-07-11 10:21:46.703414+05:30
77,site_1284,ETP-pH,21024,2026-07-11 10:21:46.703806+05:30,2026-07-11 10:21:46.703806+05:30,SUCCESS,,2026-07-11 10:21:46.703806+05:30
78,site_1789,ETP-pH,6156,2026-07-11 10:21:46.704165+05:30,2026-07-11 10:21:46.704165+05:30,SUCCESS,,2026-07-11 10:21:46.704165+05:30
79,site_1285,ETP-pH,30201,2026-07-11 10:21:46.70456+05:30,2026-07-11 10:21:46.70456+05:30,SUCCESS,,2026-07-11 10:21:46.70456+05:30
80,site_887,ETP-pH,33326,2026-07-11 10:21:46.705033+05:30,2026-07-11 10:21:46.705033+05:30,SUCCESS,,2026-07-11 10:21:46.705033+05:30
81,site_1259,ETP-pH,3701,2026-07-11 10:21:46.705424+05:30,2026-07-11 10:21:46.705424+05:30,SUCCESS,,2026-07-11 10:21:46.705424+05:30
82,site_1561,ETP-pH,32920,2026-07-11 10:21:46.705976+05:30,2026-07-11 10:21:46.705976+05:30,SUCCESS,,2026-07-11 10:21:46.705976+05:30
83,site_1281,ETP-pH,21650,2026-07-11 10:21:46.707718+05:30,2026-07-11 10:21:46.707718+05:30,SUCCESS,,2026-07-11 10:21:46.707718+05:30
84,site_1200,ETP-pH,33303,2026-07-11 10:21:46.708057+05:30,2026-07-11 10:21:46.708057+05:30,SUCCESS,,2026-07-11 10:21:46.708057+05:30
86,site_2070,ETP-pH,112,2026-07-11 10:21:46.708643+05:30,2026-07-11 10:21:46.708643+05:30,SUCCESS,,2026-07-11 10:21:46.708643+05:30
87,site_1321,ETP-pH,25382,2026-07-11 10:21:46.708908+05:30,2026-07-11 10:21:46.708908+05:30,SUCCESS,,2026-07-11 10:21:46.708908+05:30
