id,factory_id,site_id,industry,location,monitoring_period,parameters_available,coverage_percentage,quality_grade,readiness_score,total_records,expected_records,cto_available,number_of_cto_limits,inspection_schedule_available,inspection_count,data_quality_issues,strongest_characteristics,weakest_characteristics,recommended_fingerprints,created_at,updated_at,cto_status
18,site_1264,site_1264,Chemical,"Taloja, Maharashtra",2024-01-01 to 2024-12-31,"[""ETP-pH"", ""ETP-Flow""]",62.23,C,59.9,43732,70272,t,9,f,0,"[""Low overall data coverage"", ""High ratio of zero measurements"", ""Prolonged sensor outages (>24h)""]","[""No negative sensor values"", ""Consent limits fully mapped""]","[""Poor data density"", ""Frequent flatline zeroes"", ""Extended multi-day outages""]","[""Single Parameter Trend"", ""Basic Limit Compliance"", ""Diurnal Profiling""]",2026-07-07 07:31:27.14126+05:30,2026-07-12 17:52:07.583698+05:30,EXTRACTED
17,site_1581,site_1581,Chemical,"Taloja, Maharashtra",2024-01-05 to 2024-12-12,"[""ETP-Flow"", ""ETP-pH""]",0.42,F,35.2,274,65666,t,10,f,0,"[""Low overall data coverage"", ""High ratio of zero measurements"", ""Negative sensor values detected"", ""Prolonged sensor outages (>24h)""]","[""Consent limits fully mapped""]","[""Poor data density"", ""Frequent flatline zeroes"", ""Negative calibration errors"", ""Extended multi-day outages""]","[""Data Gap Recovery"", ""Sensor Calibration Audit""]",2026-07-07 07:31:27.064733+05:30,2026-07-12 12:08:43.037375+05:30,ESTIMATED_PROXY
4,site_1369,site_1369,Chemical,"Mahad, Maharashtra",2024-01-01 to 2024-12-31,"[""ETP-pH"", ""ETP-COD"", ""ETP-BOD"", ""ETP-TSS"", ""ETP-Flow""]",49.78,D,64.9,87457,175680,t,62,f,0,"[""Low overall data coverage"", ""High ratio of zero measurements"", ""Prolonged sensor outages (>24h)""]","[""No negative sensor values"", ""Consent limits fully mapped""]","[""Poor data density"", ""Frequent flatline zeroes"", ""Extended multi-day outages""]","[""Single Parameter Trend"", ""Basic Limit Compliance"", ""Diurnal Profiling""]",2026-07-07 07:31:21.058857+05:30,2026-07-12 17:51:58.029055+05:30,EXTRACTED
10,site_1787,site_1787,Chemical,"Mahad, Maharashtra",2024-01-01 to 2024-12-31,"[""ETP-Flow""]",97.23,A,83.9,34161,35136,t,9,t,15,"[""Prolonged sensor outages (>24h)""]","[""Excellent data density"", ""No negative sensor values"", ""Consent limits fully mapped""]","[""Extended multi-day outages""]","[""Single Parameter Trend"", ""Basic Limit Compliance"", ""Diurnal Profiling""]",2026-07-07 07:31:24.719034+05:30,2026-07-12 17:52:03.510198+05:30,EXTRACTED
11,site_1756,site_1756,Chemical,"Mahad, Maharashtra",2024-01-01 to 2024-12-31,"[""ETP-TSS"", ""ETP-BOD"", ""ETP-Flow"", ""ETP-COD"", ""ETP-pH""]",29.35,D,71.7,51559,175675,t,10,t,30,"[""Low overall data coverage"", ""Prolonged sensor outages (>24h)""]","[""No negative sensor values"", ""Consent limits fully mapped""]","[""Poor data density"", ""Extended multi-day outages""]","[""Single Parameter Trend"", ""Basic Limit Compliance"", ""Diurnal Profiling""]",2026-07-07 07:31:25.570699+05:30,2026-07-12 17:52:04.297979+05:30,EXTRACTED
15,site_1221,site_1221,Chemical,"Taloja, Maharashtra",2024-01-03 to 2024-12-31,"[""ETP-pH"", ""ETP-Flow""]",91.06,A,71.4,63588,69834,t,13,f,0,"[""High ratio of zero measurements"", ""Prolonged sensor outages (>24h)""]","[""Excellent data density"", ""No negative sensor values"", ""Consent limits fully mapped""]","[""Frequent flatline zeroes"", ""Extended multi-day outages""]","[""Single Parameter Trend"", ""Basic Limit Compliance"", ""Diurnal Profiling""]",2026-07-07 07:31:26.301106+05:30,2026-07-12 17:52:05.712357+05:30,EXTRACTED
5,site_1167,site_1167,Chemical,"Taloja, Maharashtra",2024-01-01 to 2024-10-31,"[""ETP-Flow""]",26.16,D,40.5,7650,29240,t,4,f,0,"[""Low overall data coverage"", ""High ratio of zero measurements"", ""Prolonged sensor outages (>24h)""]","[""No negative sensor values"", ""Consent limits fully mapped""]","[""Poor data density"", ""Frequent flatline zeroes"", ""Extended multi-day outages""]","[""Data Gap Recovery"", ""Sensor Calibration Audit""]",2026-07-07 07:31:22.264436+05:30,2026-07-12 11:17:11.952776+05:30,ESTIMATED_PROXY
36,site_1280,site_1280,Chemical,"Taloja, Maharashtra",2024-01-02 to 2024-12-31,"[""ETP-Flow""]",84.78,B,78.9,29686,35016,t,6,t,1,"[""Negative sensor values detected"", ""Prolonged sensor outages (>24h)""]","[""Excellent data density"", ""Consent limits fully mapped""]","[""Negative calibration errors"", ""Extended multi-day outages""]","[""Single Parameter Trend"", ""Basic Limit Compliance"", ""Diurnal Profiling""]",2026-07-07 07:31:34.433907+05:30,2026-07-12 11:17:28.668641+05:30,ESTIMATED_PROXY
19,site_1909,site_1909,Chemical,"Taloja, Maharashtra",2024-04-16 to 2024-07-10,"[""ETP-Flow"", ""ETP-pH""]",44.09,D,62.4,7224,16386,t,14,t,1,"[""Low overall data coverage"", ""High ratio of zero measurements"", ""Negative sensor values detected"", ""Prolonged sensor outages (>24h)""]","[""Consent limits fully mapped""]","[""Poor data density"", ""Frequent flatline zeroes"", ""Negative calibration errors"", ""Extended multi-day outages""]","[""Single Parameter Trend"", ""Basic Limit Compliance"", ""Diurnal Profiling""]",2026-07-07 07:31:27.709351+05:30,2026-07-12 11:18:44.821195+05:30,EXTRACTED
30,site_1905,site_1905,Chemical,"Mahad, Maharashtra",2024-01-01 to 2024-09-04,"[""ETP-Flow""]",66.35,C,71.5,15762,23755,t,18,t,3,"[""Low overall data coverage"", ""High ratio of zero measurements"", ""Prolonged sensor outages (>24h)""]","[""No negative sensor values"", ""Consent limits fully mapped""]","[""Poor data density"", ""Frequent flatline zeroes"", ""Extended multi-day outages""]","[""Single Parameter Trend"", ""Basic Limit Compliance"", ""Diurnal Profiling""]",2026-07-07 07:31:33.103538+05:30,2026-07-12 11:04:42.658144+05:30,EXTRACTED
22,site_1310,site_1310,Chemical,"Mahad, Maharashtra",2024-01-01 to 2024-12-31,"[""ETP-Flow""]",78.95,B,76.6,27740,35136,t,6,t,6,"[""Prolonged sensor outages (>24h)""]","[""Excellent data density"", ""No negative sensor values"", ""Consent limits fully mapped""]","[""Extended multi-day outages""]","[""Single Parameter Trend"", ""Basic Limit Compliance"", ""Diurnal Profiling""]",2026-07-07 07:31:29.823523+05:30,2026-07-12 17:52:12.255822+05:30,EXTRACTED
28,site_1203,site_1203,Chemical,"Taloja, Maharashtra",2024-01-01 to 2024-12-31,"[""ETP-Flow""]",89.3,B,80.7,31375,35136,t,5,t,4,"[""High ratio of zero measurements"", ""Prolonged sensor outages (>24h)""]","[""Excellent data density"", ""No negative sensor values"", ""Consent limits fully mapped""]","[""Frequent flatline zeroes"", ""Extended multi-day outages""]","[""Single Parameter Trend"", ""Basic Limit Compliance"", ""Diurnal Profiling""]",2026-07-07 07:31:31.763014+05:30,2026-07-12 17:52:13.764784+05:30,ESTIMATED_PROXY
29,site_1284,site_1284,Chemical,"Taloja, Maharashtra",2024-01-01 to 2024-12-16,"[""ETP-Flow"", ""ETP-pH""]",62.52,C,75,42048,67256,t,10,t,3,"[""Low overall data coverage"", ""High ratio of zero measurements"", ""Prolonged sensor outages (>24h)""]","[""No negative sensor values"", ""Consent limits fully mapped""]","[""Poor data density"", ""Frequent flatline zeroes"", ""Extended multi-day outages""]","[""Single Parameter Trend"", ""Basic Limit Compliance"", ""Diurnal Profiling""]",2026-07-07 07:31:32.505754+05:30,2026-07-12 17:52:14.386163+05:30,EXTRACTED
38,site_1259,site_1259,Chemical,"Taloja, Maharashtra",2024-03-16 to 2024-08-08,"[""ETP-Flow"", ""ETP-pH""]",29.15,D,44.7,8107,27810,t,10,f,0,"[""Low overall data coverage"", ""High ratio of zero measurements"", ""Negative sensor values detected"", ""Prolonged sensor outages (>24h)""]","[""Consent limits fully mapped""]","[""Poor data density"", ""Frequent flatline zeroes"", ""Negative calibration errors"", ""Extended multi-day outages""]","[""Data Gap Recovery"", ""Sensor Calibration Audit""]",2026-07-07 07:31:36.445498+05:30,2026-07-12 17:52:19.873949+05:30,ESTIMATED_PROXY
39,site_1569,site_1569,Chemical,"Taloja, Maharashtra",2024-04-01 to 2024-05-28,"[""ETP-Flow""]",95.37,A,76.4,5310,5568,t,4,t,35,"[""High ratio of zero measurements""]","[""Excellent data density"", ""No negative sensor values"", ""Highly continuous monitoring"", ""Consent limits fully mapped""]","[""Frequent flatline zeroes""]","[""Single Parameter Trend"", ""Basic Limit Compliance"", ""Diurnal Profiling""]",2026-07-07 07:31:36.584569+05:30,2026-07-12 17:52:20.088414+05:30,EXTRACTED
31,site_1789,site_1789,Chemical,"Mahad, Maharashtra",2024-01-01 to 2024-12-31,"[""ETP-TSS"", ""ETP-COD"", ""ETP-pH"", ""ETP-BOD""]",4.57,F,46.8,6429,140544,t,29,f,0,"[""Low overall data coverage"", ""Prolonged sensor outages (>24h)""]","[""No negative sensor values"", ""Consent limits fully mapped""]","[""Poor data density"", ""Extended multi-day outages""]","[""Data Gap Recovery"", ""Sensor Calibration Audit""]",2026-07-07 07:31:33.505543+05:30,2026-07-12 11:18:52.50331+05:30,EXTRACTED
41,site_1247,site_1247,Chemical,"Taloja, Maharashtra",2024-01-01 to 2024-12-31,"[""ETP-Flow""]",73.87,C,74.5,25956,35136,t,4,t,1,"[""High ratio of zero measurements"", ""Prolonged sensor outages (>24h)""]","[""Excellent data density"", ""No negative sensor values"", ""Consent limits fully mapped""]","[""Frequent flatline zeroes"", ""Extended multi-day outages""]","[""Single Parameter Trend"", ""Basic Limit Compliance"", ""Diurnal Profiling""]",2026-07-07 07:31:36.796117+05:30,2026-07-12 11:18:57.055188+05:30,EXTRACTED
34,site_1285,site_1285,Chemical,"Taloja, Maharashtra",2024-01-01 to 2024-12-31,"[""ETP-pH"", ""ETP-Flow""]",85.95,B,69.4,60402,70272,t,5,f,0,"[""High ratio of zero measurements"", ""Prolonged sensor outages (>24h)""]","[""Excellent data density"", ""No negative sensor values"", ""Consent limits fully mapped""]","[""Frequent flatline zeroes"", ""Extended multi-day outages""]","[""Single Parameter Trend"", ""Basic Limit Compliance"", ""Diurnal Profiling""]",2026-07-07 07:31:33.728433+05:30,2026-07-12 12:08:54.108945+05:30,ESTIMATED_PROXY
43,site_1281,site_1281,Chemical,"Taloja, Maharashtra",2024-01-01 to 2024-12-31,"[""ETP-Flow"", ""ETP-pH""]",61.62,C,74.6,43300,70272,t,12,t,2,"[""Low overall data coverage"", ""High ratio of zero measurements"", ""Negative sensor values detected"", ""Prolonged sensor outages (>24h)""]","[""Consent limits fully mapped""]","[""Poor data density"", ""Frequent flatline zeroes"", ""Negative calibration errors"", ""Extended multi-day outages""]","[""Single Parameter Trend"", ""Basic Limit Compliance"", ""Diurnal Profiling""]",2026-07-07 07:31:37.566097+05:30,2026-07-12 17:52:21.046323+05:30,EXTRACTED
49,site_2070,site_2070,Chemical,"Mahad, Maharashtra",2024-12-27 to 2024-12-31,"[""ETP-TSS"", ""ETP-BOD"", ""ETP-pH"", ""ETP-COD"", ""ETP-Flow""]",34.4,D,63.9,559,1625,t,10,t,5,"[""Low overall data coverage"", ""High ratio of zero measurements""]","[""No negative sensor values"", ""Highly continuous monitoring"", ""Consent limits fully mapped""]","[""Poor data density"", ""Frequent flatline zeroes""]","[""Single Parameter Trend"", ""Basic Limit Compliance"", ""Diurnal Profiling""]",2026-07-07 07:31:39.048665+05:30,2026-07-12 17:52:22.764285+05:30,EXTRACTED
51,site_1321,site_1321,Drugs and Pharmaceuticals,"Mahad, Maharashtra",2024-01-01 to 2024-12-31,"[""ETP-pH"", ""ETP-Flow"", ""ETP-TSS"", ""ETP-COD"", ""ETP-BOD""]",33.17,D,73.3,58278,175680,t,13,t,50,"[""Low overall data coverage"", ""High ratio of zero measurements"", ""Prolonged sensor outages (>24h)""]","[""No negative sensor values"", ""Consent limits fully mapped""]","[""Poor data density"", ""Frequent flatline zeroes"", ""Extended multi-day outages""]","[""Single Parameter Trend"", ""Basic Limit Compliance"", ""Diurnal Profiling""]",2026-07-07 07:31:39.207542+05:30,2026-07-12 17:56:33.00884+05:30,EXTRACTED
7,site_1256,site_1256,Chemical,"Taloja, Maharashtra",2024-11-14 to 2024-12-07,"[""ETP-pH"", ""ETP-Flow""]",35.42,D,40.4,1562,4410,t,0,f,0,"[""Low overall data coverage"", ""High ratio of zero measurements"", ""Prolonged sensor outages (>24h)""]","[""No negative sensor values"", ""Consent limits fully mapped""]","[""Poor data density"", ""Frequent flatline zeroes"", ""Extended multi-day outages""]","[""Data Gap Recovery"", ""Sensor Calibration Audit""]",2026-07-07 07:31:23.332464+05:30,2026-07-12 11:18:37.696566+05:30,PENDING_SEARCH
2,site_1799,site_1799,Chemical,"Mahad, Maharashtra",2024-01-01 to 2024-12-31,"[""ETP-pH"", ""ETP-COD"", ""ETP-BOD"", ""ETP-TSS"", ""ETP-Flow""]",42.44,D,77,74565,175680,t,11,t,4,"[""Low overall data coverage"", ""High ratio of zero measurements"", ""Prolonged sensor outages (>24h)""]","[""No negative sensor values"", ""Consent limits fully mapped""]","[""Poor data density"", ""Frequent flatline zeroes"", ""Extended multi-day outages""]","[""Single Parameter Trend"", ""Basic Limit Compliance"", ""Diurnal Profiling""]",2026-07-07 07:31:19.420944+05:30,2026-07-12 17:56:03.723946+05:30,EXTRACTED
3,site_1232,site_1232,Chemical,"Taloja, Maharashtra",2024-01-01 to 2024-12-13,"[""ETP-pH"", ""ETP-Flow""]",85.2,B,84.1,56924,66816,t,5,t,1,"[""Negative sensor values detected"", ""Prolonged sensor outages (>24h)""]","[""Excellent data density"", ""Consent limits fully mapped""]","[""Negative calibration errors"", ""Extended multi-day outages""]","[""Single Parameter Trend"", ""Basic Limit Compliance"", ""Diurnal Profiling""]",2026-07-07 07:31:20.40165+05:30,2026-07-12 17:56:06.337475+05:30,ESTIMATED_PROXY
21,site_1257,site_1257,Chemical,"Taloja, Maharashtra",2024-01-01 to 2024-12-31,"[""ETP-pH"", ""ETP-Flow""]",88.49,B,85.4,62186,70272,t,2,t,17,"[""Negative sensor values detected"", ""Prolonged sensor outages (>24h)""]","[""Excellent data density"", ""Consent limits fully mapped""]","[""Negative calibration errors"", ""Extended multi-day outages""]","[""Single Parameter Trend"", ""Basic Limit Compliance"", ""Diurnal Profiling""]",2026-07-07 07:31:29.162122+05:30,2026-07-12 17:52:10.623843+05:30,EXTRACTED
24,site_982,site_982,Chemical,"Taloja, Maharashtra",2024-01-01 to 2024-01-31,"[""ETP-COD"", ""ETP-BOD"", ""ETP-TSS"", ""ETP-Flow""]",95.6,A,75,11380,11904,t,22,f,0,"[""High ratio of zero measurements""]","[""Excellent data density"", ""No negative sensor values"", ""Highly continuous monitoring"", ""Consent limits fully mapped""]","[""Frequent flatline zeroes""]","[""Single Parameter Trend"", ""Basic Limit Compliance"", ""Diurnal Profiling""]",2026-07-07 07:31:30.575515+05:30,2026-07-12 17:52:12.851915+05:30,EXTRACTED
26,site_1138,site_1138,Chemical,"Taloja, Maharashtra",2024-01-08 to 2024-12-31,"[""ETP-Flow""]",89.66,B,80.9,30839,34397,t,5,t,1,"[""High ratio of zero measurements"", ""Prolonged sensor outages (>24h)""]","[""Excellent data density"", ""No negative sensor values"", ""Consent limits fully mapped""]","[""Frequent flatline zeroes"", ""Extended multi-day outages""]","[""Single Parameter Trend"", ""Basic Limit Compliance"", ""Diurnal Profiling""]",2026-07-07 07:31:30.937051+05:30,2026-07-12 17:52:13.106731+05:30,EXTRACTED
8,site_1376,site_1376,Chemical,"Mahad, Maharashtra",2024-01-01 to 2024-12-31,"[""ETP-pH"", ""ETP-BOD"", ""ETP-TSS"", ""ETP-Flow"", ""ETP-COD""]",52.75,C,81.1,92679,175680,t,5,t,5,"[""Low overall data coverage"", ""Prolonged sensor outages (>24h)""]","[""No negative sensor values"", ""Consent limits fully mapped""]","[""Poor data density"", ""Extended multi-day outages""]","[""Multivariate Correlation"", ""Diurnal Profiling"", ""Limit Violation Detector"", ""Compliance Audit""]",2026-07-07 07:31:23.424324+05:30,2026-07-12 17:56:10.833192+05:30,EXTRACTED
20,site_1668,site_1668,Chemical,"Mahad, Maharashtra",2024-01-01 to 2024-12-31,"[""ETP-TSS"", ""ETP-Flow"", ""ETP-pH"", ""ETP-COD"", ""ETP-BOD""]",49.77,D,79.9,87431,175680,t,21,t,10,"[""Low overall data coverage"", ""High ratio of zero measurements"", ""Prolonged sensor outages (>24h)""]","[""No negative sensor values"", ""Consent limits fully mapped""]","[""Poor data density"", ""Frequent flatline zeroes"", ""Extended multi-day outages""]","[""Single Parameter Trend"", ""Basic Limit Compliance"", ""Diurnal Profiling""]",2026-07-07 07:31:27.886428+05:30,2026-07-12 17:56:18.344816+05:30,EXTRACTED
37,site_887,site_887,Chemical,"Taloja, Maharashtra",2024-01-01 to 2024-12-31,"[""ETP-pH"", ""ETP-COD"", ""ETP-Flow"", ""ETP-TSS"", ""ETP-BOD""]",50.67,C,80.3,89025,175680,t,5,t,9,"[""Low overall data coverage"", ""Prolonged sensor outages (>24h)""]","[""No negative sensor values"", ""Consent limits fully mapped""]","[""Poor data density"", ""Extended multi-day outages""]","[""Multivariate Correlation"", ""Diurnal Profiling"", ""Limit Violation Detector"", ""Compliance Audit""]",2026-07-07 07:31:35.11955+05:30,2026-07-12 17:56:27.617845+05:30,EXTRACTED
1,site_1131,site_1131,Chemical,"Taloja, Maharashtra",2024-01-01 to 2024-12-31,"[""ETP-Flow""]",88.37,B,65.3,31048,35136,t,6,f,0,"[""High ratio of zero measurements"", ""Prolonged sensor outages (>24h)""]","[""Excellent data density"", ""No negative sensor values"", ""Consent limits fully mapped""]","[""Frequent flatline zeroes"", ""Extended multi-day outages""]","[""Single Parameter Trend"", ""Basic Limit Compliance"", ""Diurnal Profiling""]",2026-07-07 07:31:05.682015+05:30,2026-07-12 11:04:27.768922+05:30,EXTRACTED
46,site_1200,site_1200,Chemical,"Taloja, Maharashtra",2024-01-05 to 2024-12-31,"[""ETP-Flow""]",95.94,A,83.4,33303,34711,t,19,t,12,"[""High ratio of zero measurements"", ""Prolonged sensor outages (>24h)""]","[""Excellent data density"", ""No negative sensor values"", ""Consent limits fully mapped""]","[""Frequent flatline zeroes"", ""Extended multi-day outages""]","[""Single Parameter Trend"", ""Basic Limit Compliance"", ""Diurnal Profiling""]",2026-07-07 07:31:38.240238+05:30,2026-07-12 17:52:21.955017+05:30,EXTRACTED
70,site_1561,site_1561,Chemical,"Mahad, Maharashtra",2024-01-01 to 2024-12-31,"[""ETP-pH""]",93.69,A,82.5,32920,35136,t,12,t,16,"[""Prolonged sensor outages (>24h)""]","[""Excellent data density"", ""No negative sensor values"", ""Consent limits fully mapped""]","[""Extended multi-day outages""]","[""Single Parameter Trend"", ""Basic Limit Compliance"", ""Diurnal Profiling""]",2026-07-11 10:32:02.723149+05:30,2026-07-12 17:52:24.195214+05:30,EXTRACTED
