id,factory_id,site_id,factory_name,industry_category,monitoring_start,monitoring_end,monitoring_days,parameter_count,parameter_list,total_records,expected_records,coverage_percentage,average_records_per_day,missing_records,missing_percentage,duplicate_records,duplicate_percentage,negative_values,negative_percentage,zero_values,zero_percentage,longest_gap,number_of_outages,cto_available,inspection_schedule_available,quality_grade,readiness_score,recommended_fingerprints,created_at,updated_at,cto_status,region,industry
20,site_1668,site_1668,Nouryon Chemicals India Pvt Ltd,Chemical,2024-01-01 00:00:00,2024-12-31 23:45:00,365.99,5,"[""ETP-TSS"", ""ETP-Flow"", ""ETP-pH"", ""ETP-COD"", ""ETP-BOD""]",87431,175680,49.77,238.89,88249,50.23,0,0,0,0.0,32459,37.13,44670,45,t,t,D,79.9,"[""Single Parameter Trend"", ""Basic Limit Compliance"", ""Diurnal Profiling""]",2026-07-07 07:31:27.886428+05:30,2026-07-12 17:56:18.344816+05:30,EXTRACTED,Mahad,Chemical Manufacturing
10,site_1787,site_1787,SHREE HARI CHEMICALS EXPORT LTD,Chemical,2024-01-01 00:00:00,2024-12-31 23:45:00,365.99,1,"[""ETP-Flow""]",34161,35136,97.23,93.34,975,2.77,0,0,0,0.0,175,0.51,1470,30,t,t,A,83.9,"[""Single Parameter Trend"", ""Basic Limit Compliance"", ""Diurnal Profiling""]",2026-07-07 07:31:24.719034+05:30,2026-07-12 11:04:30.817717+05:30,EXTRACTED,Mahad,Chemical Manufacturing
4,site_1369,site_1369,Privi Specialty Chemicals Ltd (Unit-II),Chemical,2024-01-01 00:00:00,2024-12-31 23:45:00,365.99,5,"[""ETP-pH"", ""ETP-COD"", ""ETP-BOD"", ""ETP-TSS"", ""ETP-Flow""]",87457,175680,49.78,238.96,88223,50.22,0,0,0,0.0,13647,15.6,81390,66,t,f,D,64.9,"[""Single Parameter Trend"", ""Basic Limit Compliance"", ""Diurnal Profiling""]",2026-07-07 07:31:21.058857+05:30,2026-07-12 17:51:58.029055+05:30,EXTRACTED,Mahad,Chemical Manufacturing
5,site_1167,site_1167,Super Petroleum Products Pvt Ltd,Chemical,2024-01-01 00:00:00,2024-10-31 13:45:00,304.57,1,"[""ETP-Flow""]",7650,29240,26.16,25.12,21590,73.84,0,0,0,0.0,7650,100.0,79320,69,t,f,D,40.5,"[""Data Gap Recovery"", ""Sensor Calibration Audit""]",2026-07-07 07:31:22.264436+05:30,2026-07-12 11:17:11.952776+05:30,ESTIMATED_PROXY,Taloja,Petrochemical Refinery
11,site_1756,site_1756,Aquapharm Chemicals Pvt Ltd,Chemical,2024-01-01 00:00:00,2024-12-31 23:30:00,365.98,5,"[""ETP-TSS"", ""ETP-BOD"", ""ETP-Flow"", ""ETP-COD"", ""ETP-pH""]",51559,175675,29.35,140.88,124116,70.65,0,0,0,0.0,3213,6.23,174255,54,t,t,D,71.7,"[""Single Parameter Trend"", ""Basic Limit Compliance"", ""Diurnal Profiling""]",2026-07-07 07:31:25.570699+05:30,2026-07-12 17:52:04.297979+05:30,EXTRACTED,Mahad,Chemical Manufacturing
15,site_1221,site_1221,Zirconium Chemicals Pvt Ltd,Chemical,2024-01-03 06:45:00,2024-12-31 23:45:00,363.71,2,"[""ETP-pH"", ""ETP-Flow""]",63588,69834,91.06,174.83,6246,8.94,0,0,0,0.0,29078,45.73,5700,128,t,f,A,71.4,"[""Single Parameter Trend"", ""Basic Limit Compliance"", ""Diurnal Profiling""]",2026-07-07 07:31:26.301106+05:30,2026-07-12 17:52:05.712357+05:30,EXTRACTED,Taloja,Chemical Manufacturing
18,site_1264,site_1264,Imagico India Pvt Ltd,Chemical,2024-01-01 00:00:00,2024-12-31 23:45:00,365.99,2,"[""ETP-pH"", ""ETP-Flow""]",43732,70272,62.23,119.49,26540,37.77,0,0,0,0.0,21693,49.6,122415,36,t,f,C,59.9,"[""Single Parameter Trend"", ""Basic Limit Compliance"", ""Diurnal Profiling""]",2026-07-07 07:31:27.14126+05:30,2026-07-12 17:52:07.583698+05:30,EXTRACTED,Taloja,Chemical Manufacturing
3,site_1232,site_1232,Altaroma Chemicals Pvt Ltd,Chemical,2024-01-01 00:00:00,2024-12-13 23:45:00,347.99,2,"[""ETP-pH"", ""ETP-Flow""]",56924,66816,85.2,163.58,9892,14.8,0,0,28462,50.0,0,0.0,21600,176,t,t,B,84.1,"[""Single Parameter Trend"", ""Basic Limit Compliance"", ""Diurnal Profiling""]",2026-07-07 07:31:20.40165+05:30,2026-07-12 17:56:06.337475+05:30,ESTIMATED_PROXY,Taloja,Chemical Manufacturing
22,site_1310,site_1310,Aezis Global Pvt Ltd,Chemical,2024-01-01 00:00:00,2024-12-31 23:45:00,365.99,1,"[""ETP-Flow""]",27740,35136,78.95,75.79,7396,21.05,0,0,0,0.0,3101,11.18,96420,11,t,t,B,76.6,"[""Single Parameter Trend"", ""Basic Limit Compliance"", ""Diurnal Profiling""]",2026-07-07 07:31:29.823523+05:30,2026-07-12 11:18:48.707269+05:30,EXTRACTED,Mahad,Chemical Manufacturing
19,site_1909,site_1909,Cyklo Pharma Chem Pvt Ltd,Chemical,2024-04-16 12:45:00,2024-07-10 20:45:00,85.33,2,"[""ETP-Flow"", ""ETP-pH""]",7224,16386,44.09,84.66,9162,55.91,0,0,2,0.03,3610,49.97,34410,60,t,t,D,62.4,"[""Single Parameter Trend"", ""Basic Limit Compliance"", ""Diurnal Profiling""]",2026-07-07 07:31:27.709351+05:30,2026-07-12 11:18:44.821195+05:30,EXTRACTED,Taloja,Pharmaceutical Synthetics
34,site_1285,site_1285,VVL Pharma Pvt Ltd,Chemical,2024-01-01 00:00:00,2024-12-31 23:45:00,365.99,2,"[""ETP-pH"", ""ETP-Flow""]",60402,70272,85.95,165.04,9870,14.05,0,0,0,0.0,35416,58.63,54015,50,t,f,B,69.4,"[""Single Parameter Trend"", ""Basic Limit Compliance"", ""Diurnal Profiling""]",2026-07-07 07:31:33.728433+05:30,2026-07-12 12:08:54.108945+05:30,ESTIMATED_PROXY,Taloja,Pharmaceutical Synthetics
41,site_1247,site_1247,Ducol Organics & Colours Pvt Ltd,Chemical,2024-01-01 00:00:00,2024-12-31 23:45:00,365.99,1,"[""ETP-Flow""]",25956,35136,73.87,70.92,9180,26.13,0,0,0,0.0,25790,99.36,81330,27,t,t,C,74.5,"[""Single Parameter Trend"", ""Basic Limit Compliance"", ""Diurnal Profiling""]",2026-07-07 07:31:36.796117+05:30,2026-07-12 11:18:57.055188+05:30,EXTRACTED,Taloja,Garment & Dyeing
28,site_1203,site_1203,Anmol Chemicals Pvt Ltd,Chemical,2024-01-01 00:00:00,2024-12-31 23:45:00,365.99,1,"[""ETP-Flow""]",31375,35136,89.3,85.73,3761,10.7,0,0,0,0.0,31373,99.99,19560,29,t,t,B,80.7,"[""Single Parameter Trend"", ""Basic Limit Compliance"", ""Diurnal Profiling""]",2026-07-07 07:31:31.763014+05:30,2026-07-12 11:17:25.10991+05:30,ESTIMATED_PROXY,Taloja,Chemical Manufacturing
38,site_1259,site_1259,EUROCHEM INDUSTRIES,Chemical,2024-03-16 14:15:00,2024-08-08 10:15:00,144.83,2,"[""ETP-Flow"", ""ETP-pH""]",8107,27810,29.15,55.98,19703,70.85,0,0,2631,32.45,1774,21.88,81870,8,t,f,D,44.7,"[""Data Gap Recovery"", ""Sensor Calibration Audit""]",2026-07-07 07:31:36.445498+05:30,2026-07-12 17:52:19.873949+05:30,ESTIMATED_PROXY,Taloja,Chemical Manufacturing
30,site_1905,site_1905,Allnex Resins India Pvt Ltd,Chemical,2024-01-01 00:00:00,2024-09-04 10:30:00,247.44,1,"[""ETP-Flow""]",15762,23755,66.35,63.7,7993,33.65,0,0,0,0.0,14999,95.16,53070,37,t,t,C,71.5,"[""Single Parameter Trend"", ""Basic Limit Compliance"", ""Diurnal Profiling""]",2026-07-07 07:31:33.103538+05:30,2026-07-12 11:04:42.658144+05:30,EXTRACTED,Mahad,Synthetic Rubber
36,site_1280,site_1280,EKVIRA FINE CHEM PVT LTD,Chemical,2024-01-02 06:00:00,2024-12-31 23:45:00,364.74,1,"[""ETP-Flow""]",29686,35016,84.78,81.39,5330,15.22,0,0,173,0.58,176,0.59,10035,57,t,t,B,78.9,"[""Single Parameter Trend"", ""Basic Limit Compliance"", ""Diurnal Profiling""]",2026-07-07 07:31:34.433907+05:30,2026-07-12 11:17:28.668641+05:30,ESTIMATED_PROXY,Taloja,Chemical Manufacturing
37,site_887,site_887,Dow Chemical International Pvt Ltd,Chemical,2024-01-01 00:00:00,2024-12-31 23:45:00,365.99,5,"[""ETP-pH"", ""ETP-COD"", ""ETP-Flow"", ""ETP-TSS"", ""ETP-BOD""]",89025,175680,50.67,243.24,86655,49.33,0,0,0,0.0,1957,2.2,44655,187,t,t,C,80.3,"[""Multivariate Correlation"", ""Diurnal Profiling"", ""Limit Violation Detector"", ""Compliance Audit""]",2026-07-07 07:31:35.11955+05:30,2026-07-12 17:56:27.617845+05:30,EXTRACTED,Taloja,Chemical Manufacturing
29,site_1284,site_1284,CORROGARD CHEMICALS,Chemical,2024-01-01 00:00:00,2024-12-16 06:45:00,350.28,2,"[""ETP-Flow"", ""ETP-pH""]",42048,67256,62.52,120.04,25208,37.48,0,0,0,0.0,21172,50.35,69975,72,t,t,C,75.0,"[""Single Parameter Trend"", ""Basic Limit Compliance"", ""Diurnal Profiling""]",2026-07-07 07:31:32.505754+05:30,2026-07-12 11:04:41.753446+05:30,EXTRACTED,Taloja,Chemical Manufacturing
39,site_1569,site_1569,Galaxy Surfactants Limited,Chemical,2024-04-01 00:00:00,2024-05-28 23:45:00,57.99,1,"[""ETP-Flow""]",5310,5568,95.37,91.57,258,4.63,0,0,0,0.0,5310,100.0,105,0,t,t,A,76.4,"[""Single Parameter Trend"", ""Basic Limit Compliance"", ""Diurnal Profiling""]",2026-07-07 07:31:36.584569+05:30,2026-07-12 11:04:47.353915+05:30,EXTRACTED,Taloja,Chemical Manufacturing
49,site_2070,site_2070,Prigiv Specialties Pvt Ltd,Chemical,2024-12-27 15:00:00,2024-12-31 00:00:00,3.38,5,"[""ETP-TSS"", ""ETP-BOD"", ""ETP-pH"", ""ETP-COD"", ""ETP-Flow""]",559,1625,34.4,165.38,1066,65.6,0,0,0,0.0,238,42.58,1440,20,t,t,D,63.9,"[""Single Parameter Trend"", ""Basic Limit Compliance"", ""Diurnal Profiling""]",2026-07-07 07:31:39.048665+05:30,2026-07-12 11:04:49.740618+05:30,EXTRACTED,Mahad,Chemical Manufacturing
17,site_1581,site_1581,Memba Chem Industries Pvt Ltd,Chemical,2024-01-05 13:45:00,2024-12-12 13:45:00,342.0,2,"[""ETP-Flow"", ""ETP-pH""]",274,65666,0.42,0.8,65392,99.58,0,0,11,4.01,127,46.35,214515,16,t,f,F,35.2,"[""Data Gap Recovery"", ""Sensor Calibration Audit""]",2026-07-07 07:31:27.064733+05:30,2026-07-12 11:18:43.831758+05:30,ESTIMATED_PROXY,Taloja,Chemical Manufacturing
31,site_1789,site_1789,Sudarshan Chemical Industries Ltd,Chemical,2024-01-01 00:00:00,2024-12-31 23:45:00,365.99,4,"[""ETP-TSS"", ""ETP-COD"", ""ETP-pH"", ""ETP-BOD""]",6429,140544,4.57,17.57,134115,95.43,0,0,0,0.0,0,0.0,187080,105,t,f,F,46.8,"[""Data Gap Recovery"", ""Sensor Calibration Audit""]",2026-07-07 07:31:33.505543+05:30,2026-07-12 11:18:52.50331+05:30,EXTRACTED,Mahad,Chemical Manufacturing
43,site_1281,site_1281,M/s RAMDEV CHEMI-Pharma PVT LTD,Chemical,2024-01-01 00:00:00,2024-12-31 23:45:00,365.99,2,"[""ETP-Flow"", ""ETP-pH""]",43300,70272,61.62,118.31,26972,38.38,0,0,14505,33.5,12129,28.01,72165,244,t,t,C,74.6,"[""Single Parameter Trend"", ""Basic Limit Compliance"", ""Diurnal Profiling""]",2026-07-07 07:31:37.566097+05:30,2026-07-12 11:18:57.672553+05:30,EXTRACTED,Taloja,Pharmaceutical Synthetics
21,site_1257,site_1257,Dorf Ketal Chemicals India Pvt Ltd,Chemical,2024-01-01 00:00:00,2024-12-31 23:45:00,365.99,2,"[""ETP-pH"", ""ETP-Flow""]",62186,70272,88.49,169.91,8086,11.51,0,0,63,0.1,4,0.01,22005,22,t,t,B,85.4,"[""Single Parameter Trend"", ""Basic Limit Compliance"", ""Diurnal Profiling""]",2026-07-07 07:31:29.162122+05:30,2026-07-12 11:18:47.2316+05:30,EXTRACTED,Taloja,Petrochemical Refinery
7,site_1256,site_1256,SHREE VINAYAK ORGANICS PVT LTD,Chemical,2024-11-14 12:30:00,2024-12-07 11:30:00,22.96,2,"[""ETP-pH"", ""ETP-Flow""]",1562,4410,35.42,68.03,2848,64.58,0,0,0,0.0,377,24.14,21285,2,t,f,D,40.4,"[""Data Gap Recovery"", ""Sensor Calibration Audit""]",2026-07-07 07:31:23.332464+05:30,2026-07-12 11:18:37.696566+05:30,PENDING_SEARCH,Taloja,Chemical Manufacturing
24,site_982,site_982,PREETI PETROCHEM PVT LTD,Chemical,2024-01-01 00:00:00,2024-01-31 23:45:00,30.99,4,"[""ETP-COD"", ""ETP-BOD"", ""ETP-TSS"", ""ETP-Flow""]",11380,11904,95.6,367.22,524,4.4,0,0,0,0.0,2823,24.81,690,24,t,f,A,75.0,"[""Single Parameter Trend"", ""Basic Limit Compliance"", ""Diurnal Profiling""]",2026-07-07 07:31:30.575515+05:30,2026-07-12 17:52:12.851915+05:30,EXTRACTED,Taloja,Petrochemical Refinery
26,site_1138,site_1138,Nixon Chemicals Ltd,Chemical,2024-01-08 16:45:00,2024-12-31 23:45:00,358.29,1,"[""ETP-Flow""]",30839,34397,89.66,86.07,3558,10.34,0,0,0,0.0,30815,99.92,15315,41,t,t,B,80.9,"[""Single Parameter Trend"", ""Basic Limit Compliance"", ""Diurnal Profiling""]",2026-07-07 07:31:30.937051+05:30,2026-07-12 17:52:13.106731+05:30,EXTRACTED,Taloja,Chemical Manufacturing
2,site_1799,site_1799,Privi Speciality Chemicals Ltd (Unit 10),Chemical,2024-01-01 00:00:00,2024-12-31 23:45:00,365.99,5,"[""ETP-pH"", ""ETP-COD"", ""ETP-BOD"", ""ETP-TSS"", ""ETP-Flow""]",74565,175680,42.44,203.74,101115,57.56,0,0,0,0.0,19553,26.22,44655,137,t,t,D,77.0,"[""Single Parameter Trend"", ""Basic Limit Compliance"", ""Diurnal Profiling""]",2026-07-07 07:31:19.420944+05:30,2026-07-12 17:56:03.723946+05:30,EXTRACTED,Mahad,Chemical Manufacturing
8,site_1376,site_1376,Privi Speciality Chemicals Ltd (Unit III),Chemical,2024-01-01 00:00:00,2024-12-31 23:45:00,365.99,5,"[""ETP-pH"", ""ETP-BOD"", ""ETP-TSS"", ""ETP-Flow"", ""ETP-COD""]",92679,175680,52.75,253.23,83001,47.25,0,0,0,0.0,11424,12.33,87855,39,t,t,C,81.1,"[""Multivariate Correlation"", ""Diurnal Profiling"", ""Limit Violation Detector"", ""Compliance Audit""]",2026-07-07 07:31:23.424324+05:30,2026-07-12 17:56:10.833192+05:30,EXTRACTED,Mahad,Chemical Manufacturing
51,site_1321,site_1321,Indo Amines Ltd,Drugs and Pharmaceuticals,2024-01-01 00:00:00,2024-12-31 23:45:00,365.99,5,"[""ETP-pH"", ""ETP-Flow"", ""ETP-TSS"", ""ETP-COD"", ""ETP-BOD""]",58278,175680,33.17,159.23,117402,66.83,0,0,0,0.0,8879,15.24,87045,315,t,t,D,73.3,"[""Single Parameter Trend"", ""Basic Limit Compliance"", ""Diurnal Profiling""]",2026-07-07 07:31:39.207542+05:30,2026-07-12 17:56:33.00884+05:30,EXTRACTED,Mahad,Drugs & Pharmaceuticals
1,site_1131,site_1131,RUPA ORGANICS PVT LTD,Chemical,2024-01-01 00:00:00,2024-12-31 23:45:00,365.99,1,"[""ETP-Flow""]",31048,35136,88.37,84.83,4088,11.63,0,0,0,0.0,30902,99.53,13230,57,t,f,B,65.3,"[""Single Parameter Trend"", ""Basic Limit Compliance"", ""Diurnal Profiling""]",2026-07-07 07:31:05.682015+05:30,2026-07-12 11:04:27.768922+05:30,EXTRACTED,Taloja,Chemical Manufacturing
46,site_1200,site_1200,Metallurgical Products India(P) Ltd,Chemical,2024-01-05 10:15:00,2024-12-31 23:45:00,361.56,1,"[""ETP-Flow""]",33303,34711,95.94,92.11,1408,4.06,0,0,0,0.0,30654,92.05,9420,10,t,t,A,83.4,"[""Single Parameter Trend"", ""Basic Limit Compliance"", ""Diurnal Profiling""]",2026-07-07 07:31:38.240238+05:30,2026-07-12 11:04:49.038502+05:30,EXTRACTED,Taloja,Heavy Metallurgy
70,site_1561,site_1561,GRASIM INDUSTRIES LIMITED,Chemical,2024-01-01 00:00:00,2024-12-31 23:45:00,365.99,1,"[""ETP-pH""]",32920,35136,93.69,89.95,2216,6.31,0,0,0,0.0,598,1.82,14685,8,t,t,A,82.5,"[""Single Parameter Trend"", ""Basic Limit Compliance"", ""Diurnal Profiling""]",2026-07-11 10:32:02.723149+05:30,2026-07-12 11:04:51.255862+05:30,EXTRACTED,Mahad,Chemical Manufacturing
