rank,factory_id,tsi_score,risk_tier,anomaly_score,flatline_rate,autocorr_high_rate,dup_run_rate,limit_hugging_mean,impossible_val_rate,bdl_rate_mean,cov_high_rate,bod_cod_vol_mean,pre_dip_mean,coordinated_missing_flag
1,site_1569,100.0,High,0.4905104358191118,0.9986817325800377,0.0,0.9992467043314501,0.0,,0.0,0.0,,0.0,1.0
2,site_1203,83.03,High,0.4946915745048701,0.9992600694891263,0.0,0.9995496075151203,0.0,,0.0,0.000514734268433921,,0.0,0.0
3,site_1167,81.31,High,0.4914399031316339,0.9990849673202614,0.0,0.9994771241830065,0.0,,0.0,0.0,,0.0,0.0
4,site_1909,71.07,High,0.44301028121679326,0.5653558571032955,0.08058709498753808,0.5998338410412628,0.008723345333702575,0.0,0.0,0.0011077263915812794,,0.0,1.0
5,site_1799,68.89,High,0.39294090329643305,0.8005364447126668,0.012378461744786427,0.8460403674646282,0.06608998860054986,0.002013275032243858,0.0,0.006665325554885,0.00031261158177937236,0.22033643091163346,0.0
6,site_1200,57.93,Medium,0.4301900558164314,0.8626550160646188,0.04158784493889439,0.8867069032819866,0.0,,0.0,0.052277572591057864,,-0.020544780344280957,0.0
7,site_1264,57.13,Medium,0.3995823291386582,0.5681126940931647,0.11363168606645475,0.6448581033181642,0.007866633126757987,0.0,0.0,0.004070525280706168,,0.0,1.0
8,site_1905,53.59,Medium,0.42173421127027966,0.8432305544981601,0.008120796853191219,0.8876411622890497,0.0,,0.0,0.12270016495368608,,-0.05659130748367277,0.0
9,site_1247,52.41,Medium,0.39380901794214945,0.9767683772538142,0.0,0.9839343504392049,0.0,,0.0,0.021035598705501618,,0.00948671340972104,1.0
10,site_1285,52.02,Medium,0.4321225740963408,0.48640477639184665,0.08638195923334348,0.522836172801947,0.0,0.0002967107494065785,0.0,0.05460906601764527,,0.02040037454144863,0.0
11,site_2070,51.62,Medium,0.4470314651879208,0.8676207513416816,0.0,0.9033989266547406,0.0,0.0,0.0,0.007155635062611807,,0.0,0.0
12,site_887,49.04,Medium,0.4274279342067214,0.26854254422914914,0.007806795843864083,0.26348778433024433,0.02373490592530188,0.0,0.004425723111485538,0.007795563044088739,0.04757790749081493,0.7580920659038844,1.0
13,site_1256,44.88,Medium,0.4727454298442373,0.40973111395646605,0.002560819462227913,0.4910371318822023,0.0,0.0,0.0,0.03265044814340589,,0.0,0.0
14,site_982,43.35,Low,0.41113232641455955,0.9669595782073813,0.025043936731107205,0.9793497363796133,0.0,,0.0,0.01546572934973638,0.00042275632156255424,0.0,0.0
15,site_1561,37.44,Low,0.4183252184713295,0.42718712029161604,6.075334143377886e-05,0.5765795868772783,0.008778857837181044,0.0,0.049635479951397325,0.00318955042527339,,0.9279541010437227,0.0
16,site_1138,37.38,Low,0.5049630501814121,0.0,0.0,0.08333333333333333,0.0,,0.0,0.0,,0.0,0.0
17,site_1581,37.13,Low,0.4616434910805166,0.46387832699619774,0.0,0.5057034220532319,0.0,0.0,0.0,0.0,,0.0,0.0
18,site_1281,36.4,Low,0.42696117404162554,0.4395165491612545,0.01507310804709478,0.419650609523148,0.025040808529851005,0.0,0.0,0.03657138887924148,,0.8566750591062574,0.0
19,site_1321,35.93,Low,0.424621335865679,0.4317066474484368,0.06753835066405847,0.446858162599952,0.010003775009437523,0.0,0.0,0.005851264628161571,0.01603285570967256,0.3267193370151506,0.0
20,site_1376,35.91,Low,0.4233228665938744,0.5079359941302777,0.04600826508702079,0.5733337649305668,0.0,2.8900063580139876e-05,0.013606102784881148,0.006107100853483529,0.02389337117720158,-0.08951084255833518,0.0
21,site_1668,34.08,Low,0.4050146561488347,0.1814385970547142,0.03205447333344039,0.18593521656040726,0.1448714448602033,0.0,0.0,0.007997558977982624,0.02554753444286028,-0.40313923200052737,0.0
22,site_1284,33.81,Low,0.44808430090513557,0.4331637957681176,0.06361873717930705,0.46620957091072585,0.023463624357209095,0.0,0.0,0.0,,-1.846346625653888,0.0
23,site_1787,31.84,Low,0.44462239267679715,0.06407892040631129,0.0,0.0,0.0,,0.005971722139281637,0.022335411726822987,,0.2187558625496212,1.0
24,site_1221,30.05,Low,0.4234140463831746,0.563030760520853,0.009687362395420519,0.5927061709756558,0.009813172296659747,0.0,0.00012580990123922753,0.026577341636786815,,0.0,0.0
25,site_1232,29.93,Low,0.45521704318932027,0.03464268147003022,0.08720399128662779,0.0964795165483803,0.0,0.0,0.0,0.0,,0.0,0.0
26,site_1257,28.06,Low,0.46849206839487295,0.22481044446948598,0.0029459585634025016,0.2893961589851736,0.0,0.0,0.0,0.02461404723192582,,-0.5161726395592936,0.0
27,site_1789,21.87,Low,0.41006610257090464,0.33924405039664024,0.008399440037330844,0.4375486078705864,0.051641001710997045,0.0,0.008554985223207343,0.0,,0.0,0.0
28,site_1131,21.25,Low,0.3704853518104299,0.9774864725586189,0.0,0.9839925276990467,0.0,,0.0,0.019872455552692604,,0.0,0.0
29,site_1369,20.42,Low,0.3976886450406327,0.5072435596921916,0.0010862480990658267,0.5976194015344684,4.573676206592954e-05,0.00016661112962345885,0.05869169992110409,0.0007203540025383903,0.00025770550580918707,-0.36155408565785246,0.0
30,site_1259,17.83,Low,0.4280305804540872,0.3845872899926954,0.003834915997078159,0.46968590211833455,0.0,0.0,0.0,0.001643535427319211,,0.0,0.0
31,site_1310,12.0,Low,0.44630654798674413,0.11128334534967556,0.0,0.11258111031002163,0.0,,0.0,0.0002523431867339582,,0.023650398811162068,0.0
32,site_1756,11.56,Low,0.38424167839822726,0.8138249384200624,0.004945790259702477,0.8620803351500224,1.939525592040187e-05,0.0,0.0,0.013440912352838496,0.0025562245849888336,-0.6899262477007497,0.0
33,site_1280,0.0,Low,0.40747362483671795,0.00010165012028597567,0.0007793175888591468,0.006708907938874394,0.0,,0.0,0.12218344458374275,,-0.007514501414104775,0.0
